Workbook

Sheet Game Info
B2: Bet | C2: 40
B4: GAME RULES | I4: BG Reels | P4: FG Reels | W4: Game Pays - Standard | AC4: FG Spins
B5: Base Game All wins pay in any position from left to right on adjacent reels, beginning with the leftmost reel. There are 1024 ways to win. A Wild in a winning combination is wild and substitutes for all symbols. Free Games Feature 3, 4, or 5 scattered FG symbols awards 8, 15, or 20 free games, respectively. 2, 3, 4, or 5 scattered FG symbols awards 5, 8, 15, or 20 free games, respectively. | I5: Pos. | J5: Reel 1 | K5: Reel 2 | L5: Reel 3 | M5: Reel 4 | N5: Reel 5 | P5: Pos. | Q5: Reel 1 | R5: Reel 2 | S5: Reel 3 | T5: Reel 4 | U5: Reel 5 | W5: Symbol | X5: 2x | Y5: 3x | Z5: 4x | AA5: 5x | AC5: Trigger | AD5: BG | AE5: FG
I6: 1 | J6: 10 | K6: SYM4 | L6: SYM1 | M6: 10 | N6: 10 | P6: 1 | Q6: 10 | R6: SYM4 | S6: SYM1 | T6: 10 | U6: 10 | W6: SYM1 | X6: 10 | Y6: 50 | Z6: 100 | AA6: 300 | AC6: FG x5 | AD6: 20 | AE6: 20
I7: 2 | J7: SYM3 | K7: 9 | L7: K | M7: SYM3 | N7: SYM5 | P7: 2 | Q7: SYM3 | R7: 9 | S7: K | T7: SYM3 | U7: SYM5 | W7: SYM2 | X7: 0 | Y7: 50 | Z7: 100 | AA7: 150 | AC7: FG x4 | AD7: 15 | AE7: 15
I8: 3 | J8: 9 | K8: SYM2 | L8: 10 | M8: J | N8: Q | P8: 3 | Q8: 9 | R8: SYM2 | S8: 10 | T8: J | U8: Q | W8: SYM3 | X8: 0 | Y8: 50 | Z8: 100 | AA8: 150 | AC8: FG x3 | AD8: 8 | AE8: 8
I9: 4 | J9: SYM2 | K9: J | L9: Q | M9: SYM2 | N9: K | P9: 4 | Q9: SYM2 | R9: J | S9: Q | T9: SYM2 | U9: K | W9: SYM4 | X9: 0 | Y9: 20 | Z9: 80 | AA9: 120 | AC9: FG x2 | AD9: -- | AE9: 5
I10: 5 | J10: Q | K10: K | L10: SYM5 | M10: SYM2 | N10: J | P10: 5 | Q10: Q | R10: K | S10: SYM5 | T10: SYM2 | U10: J | W10: SYM5 | X10: 0 | Y10: 20 | Z10: 80 | AA10: 120
I11: 6 | J11: 10 | K11: SYM1 | L11: J | M11: SYM2 | N11: SYM3 | P11: 6 | Q11: 10 | R11: SYM1 | S11: J | T11: SYM2 | U11: SYM3 | W11: A | X11: 0 | Y11: 10 | Z11: 50 | AA11: 100
I12: 7 | J12: SYM1 | K12: A | L12: WILD | M12: 9 | N12: 9 | P12: 7 | Q12: SYM1 | R12: A | S12: WILD | T12: 9 | U12: 9 | W12: K | X12: 0 | Y12: 10 | Z12: 50 | AA12: 100
I13: 8 | J13: SYM5 | K13: SYM3 | L13: Q | M13: Q | N13: SYM1 | P13: 8 | Q13: SYM5 | R13: SYM3 | S13: Q | T13: Q | U13: SYM1 | W13: Q | X13: 0 | Y13: 5 | Z13: 20 | AA13: 100
I14: 9 | J14: FG | K14: 10 | L14: SYM5 | M14: SYM5 | N14: Q | P14: 9 | Q14: FG | R14: 10 | S14: SYM5 | T14: SYM5 | U14: Q | W14: J | X14: 0 | Y14: 5 | Z14: 20 | AA14: 100
I15: 10 | J15: A | K15: SYM4 | L15: K | M15: 9 | N15: 9 | P15: 10 | Q15: A | R15: SYM4 | S15: K | T15: 9 | U15: 9 | W15: 10 | X15: 0 | Y15: 5 | Z15: 10 | AA15: 100
I16: 11 | J16: K | K16: K | L16: FG | M16: WILD | N16: SYM2 | P16: 11 | Q16: K | R16: K | S16: FG | T16: WILD | U16: SYM2 | W16: 9 | X16: 2 | Y16: 5 | Z16: 10 | AA16: 100
I17: 12 | J17: SYM4 | K17: SYM3 | L17: 10 | M17: A | N17: J | P17: 12 | Q17: SYM4 | R17: SYM3 | S17: 10 | T17: A | U17: J | W17: FG* | X17: 0 | Y17: 2 | Z17: 10 | AA17: 20
I18: 13 | J18: 9 | K18: A | L18: Q | M18: SYM2 | N18: SYM3 | P18: 13 | Q18: 9 | R18: A | S18: Q | T18: SYM2 | U18: SYM3 | W18: * Scatter pays are multiplied by total bet
B19: Rules for Ways Pays | I19: 14 | J19: J | K19: WILD | L19: SYM3 | M19: K | N19: Q | P19: 14 | Q19: J | R19: WILD | S19: SYM3 | T19: K | U19: Q
B20: Except for the FG symbol, all winning combinations are payable only when appearing on valid positions on adjacent reels All winning combinations amounts are multiplied by the number of winning symbols the appear on each reel. For each symbol, only the highest winning combinations is paid each spin. | I20: 15 | J20: A | K20: K | L20: A | M20: SYM4 | N20: SYM1 | P20: 15 | Q20: A | R20: K | S20: A | T20: SYM4 | U20: SYM1
I21: 16 | J21: SYM5 | K21: SYM1 | L21: SYM4 | M21: J | N21: K | P21: 16 | Q21: SYM5 | R21: SYM1 | S21: SYM4 | T21: J | U21: K
I22: 17 | J22: SYM5 | K22: Q | L22: SYM4 | M22: SYM1 | N22: Q | P22: 17 | Q22: SYM5 | R22: Q | S22: SYM4 | T22: SYM1 | U22: Q
I23: 18 | J23: SYM5 | K23: 10 | L23: SYM4 | M23: SYM1 | N23: SYM4 | P23: 18 | Q23: SYM5 | R23: 10 | S23: SYM4 | T23: SYM1 | U23: SYM4
I24: 19 | J24: Q | K24: K | L24: J | M24: SYM1 | N24: K | P24: 19 | Q24: Q | R24: K | S24: J | T24: SYM1 | U24: K
I25: 20 | J25: 10 | K25: SYM4 | L25: FG | M25: J | N25: SYM1 | P25: 20 | Q25: 10 | R25: SYM4 | S25: FG | T25: J | U25: SYM1
I26: 21 | J26: SYM5 | K26: Q | L26: 10 | M26: SYM2 | N26: 10 | P26: 21 | Q26: SYM5 | R26: Q | S26: 10 | T26: SYM2 | U26: 10
I27: 22 | J27: Q | K27: SYM2 | L27: SYM1 | M27: K | N27: SYM3 | P27: 22 | Q27: Q | R27: WILD | S27: SYM1 | T27: K | U27: SYM3
I28: 23 | J28: SYM2 | K28: A | L28: J | M28: SYM5 | N28: Q | P28: 23 | Q28: SYM2 | R28: A | S28: J | T28: SYM5 | U28: Q
B29: Example | I29: 24 | J29: SYM3 | K29: Q | L29: 10 | M29: 9 | N29: A | P29: 24 | Q29: SYM3 | R29: Q | S29: 10 | T29: 9 | U29: A
I30: 25 | J30: J | K30: SYM4 | L30: Q | M30: SYM4 | N30: SYM1 | P30: 25 | Q30: J | R30: SYM4 | S30: Q | T30: SYM4 | U30: SYM1
I31: 26 | J31: 10 | K31: J | L31: SYM1 | M31: SYM2 | N31: SYM1 | P31: 26 | Q31: 10 | R31: J | S31: SYM1 | T31: SYM2 | U31: SYM1
I32: 27 | J32: A | K32: SYM1 | L32: K | M32: J | N32: SYM1 | P32: 27 | Q32: A | R32: SYM1 | S32: K | T32: J | U32: SYM1
I33: 28 | J33: SYM4 | K33: K | L33: J | M33: A | N33: 10 | P33: 28 | Q33: SYM4 | R33: K | S33: J | T33: A | U33: 10
B34: 1 | C34: 2 | D34: 3 | E34: 1 | F34: -- | I34: 29 | J34: SYM4 | K34: SYM2 | L34: SYM3 | M34: SYM4 | N34: SYM3 | P34: 29 | Q34: SYM4 | R34: SYM2 | S34: SYM3 | T34: SYM4 | U34: SYM3
I35: 30 | J35: 9 | K35: J | L35: SYM5 | M35: Q | N35: Q | P35: 30 | Q35: 9 | R35: J | S35: SYM5 | T35: Q | U35: Q
B36: ^^^ 4 of a kind wins, 6 ways | I36: 31 | J36: SYM2 | K36: SYM5 | L36: Q | M36: SYM2 | N36: K | P36: 31 | Q36: SYM2 | R36: SYM5 | S36: Q | T36: SYM2 | U36: K
I37: 32 | J37: A | K37: K | L37: A | M37: 10 | N37: SYM3 | P37: 32 | Q37: A | R37: K | S37: A | T37: 10 | U37: SYM3
I38: 33 | J38: J | K38: FG | L38: SYM2 | M38: SYM3 | N38: A | P38: 33 | Q38: J | R38: SYM1 | S38: SYM2 | T38: SYM3 | U38: A
I39: 34 | J39: SYM3 | K39: J | L39: K | M39: K | N39: SYM4 | P39: 34 | Q39: SYM3 | R39: J | S39: K | T39: K | U39: SYM4
I40: 35 | J40: J | K40: SYM2 | L40: SYM3 | M40: SYM5 | N40: J | P40: 35 | Q40: J | R40: SYM2 | S40: SYM3 | T40: SYM5 | U40: J
I41: 36 | J41: SYM2 | K41: SYM2 | L41: SYM3 | M41: Q | N41: SYM1 | P41: 36 | Q41: SYM2 | R41: SYM2 | S41: SYM3 | T41: Q | U41: SYM1
I42: 37 | J42: SYM2 | K42: SYM2 | L42: SYM3 | M42: SYM2 | N42: K | P42: 37 | Q42: SYM2 | R42: SYM2 | S42: SYM3 | T42: SYM2 | U42: K
I43: 38 | J43: 9 | K43: Q | L43: 10 | M43: 9 | N43: SYM3 | P43: 38 | Q43: 9 | R43: Q | S43: 10 | T43: 9 | U43: SYM3
I44: 39 | J44: K | K44: FG | L44: SYM1 | M44: SYM1 | N44: 10 | P44: 39 | Q44: K | R44: FG | S44: SYM1 | T44: SYM1 | U44: 10
I45: 40 | J45: SYM3 | K45: A | L45: J | M45: Q | N45: K | P45: 40 | Q45: SYM3 | R45: A | S45: J | T45: Q | U45: K
I46: 41 | J46: SYM3 | K46: Q | L46: WILD | M46: SYM4 | N46: SYM1 | P46: 41 | Q46: SYM3 | R46: Q | S46: WILD | T46: SYM4 | U46: SYM1
I47: 42 | J47: 10 | K47: SYM4 | L47: 10 | M47: J | N47: 10 | P47: 42 | Q47: 10 | R47: SYM4 | S47: 10 | T47: J | U47: 10
I48: 43 | J48: FG | K48: J | L48: SYM4 | M48: SYM3 | N48: SYM3 | P48: 43 | Q48: FG | R48: J | S48: SYM4 | T48: SYM3 | U48: SYM3
I49: 44 | J49: A | K49: SYM3 | L49: SYM4 | M49: SYM3 | N49: Q | P49: 44 | Q49: A | R49: SYM3 | S49: SYM4 | T49: SYM3 | U49: Q
I50: 45 | J50: J | K50: K | L50: SYM4 | M50: SYM3 | N50: A | P50: 45 | Q50: J | R50: K | S50: SYM4 | T50: SYM3 | U50: A
I51: 46 | J51: 10 | K51: SYM2 | L51: K | M51: 9 | N51: SYM4 | P51: 46 | Q51: 10 | R51: SYM2 | S51: K | T51: 9 | U51: SYM4
I52: 47 | J52: SYM2 | K52: SYM2 | L52: SYM5 | M52: K | N52: K | P52: 47 | Q52: SYM2 | R52: SYM2 | S52: SYM5 | T52: K | U52: K
I53: 48 | J53: 9 | K53: Q | L53: J | M53: SYM5 | N53: SYM3 | P53: 48 | Q53: 9 | R53: Q | S53: J | T53: SYM5 | U53: SYM3
I54: 49 | J54: SYM4 | K54: SYM5 | L54: SYM1 | M54: J | N54: SYM3 | P54: 49 | Q54: SYM4 | R54: SYM5 | S54: SYM1 | T54: J | U54: SYM3
I55: 50 | J55: J | K55: Q | L55: SYM1 | M55: A | N55: SYM3 | P55: 50 | Q55: J | R55: Q | S55: SYM1 | T55: A | U55: SYM3
I56: 51 | J56: SYM3 | K56: SYM4 | L56: Q | M56: SYM4 | N56: Q | P56: 51 | Q56: SYM3 | R56: SYM4 | S56: Q | T56: SYM4 | U56: Q
I57: 52 | J57: K | K57: SYM4 | L57: K | M57: SYM4 | N57: K | P57: 52 | Q57: K | R57: SYM4 | S57: K | T57: SYM4 | U57: K
I58: 53 | J58: 9 | K58: SYM4 | L58: J | M58: SYM4 | N58: SYM2 | P58: 53 | Q58: 9 | R58: SYM4 | S58: J | T58: SYM4 | U58: SYM2
I59: 54 | J59: SYM1 | K59: 9 | L59: SYM2 | M59: 10 | N59: A | P59: 54 | Q59: SYM1 | R59: 9 | S59: SYM2 | T59: 10 | U59: A
I60: 55 | J60: SYM1 | K60: 10 | L60: SYM2 | M60: SYM3 | N60: SYM5 | P60: 55 | Q60: SYM1 | R60: 10 | S60: 10 | T60: SYM3 | U60: SYM5
I61: 56 | J61: 10 | K61: SYM2 | L61: SYM2 | M61: K | N61: J | P61: 56 | Q61: 10 | R61: SYM2 | S61: WILD | T61: K | U61: J
I62: 57 | J62: Q | K62: J | L62: Q | M62: SYM5 | N62: SYM1 | P62: 57 | Q62: Q | R62: J | S62: Q | T62: SYM5 | U62: SYM1
I63: 58 | J63: SYM3 | K63: K | L63: SYM5 | M63: Q | N63: K | P63: 58 | Q63: SYM3 | R63: K | S63: SYM5 | T63: Q | U63: K
I64: 59 | J64: A | K64: FG | L64: 10 | M64: SYM2 | N64: SYM3 | P64: 59 | Q64: A | R64: FG | S64: 10 | T64: SYM2 | U64: SYM3
I65: 60 | J65: 10 | K65: J | L65: SYM4 | M65: 9 | N65: J | P65: 60 | Q65: 10 | R65: J | S65: SYM4 | T65: 9 | U65: J
I66: 61 | J66: K | K66: Q | L66: 9 | M66: SYM1 | N66: SYM2 | P66: 61 | Q66: K | R66: Q | S66: 9 | T66: SYM1 | U66: SYM2
I67: 62 | J67: SYM2 | K67: 10 | L67: SYM2 | M67: SYM1 | N67: SYM2 | P67: 62 | Q67: SYM2 | R67: 10 | S67: SYM2 | T67: SYM1 | U67: SYM2
I68: 63 | J68: J | K68: SYM3 | L68: K | M68: Q | N68: SYM2 | P68: 63 | Q68: J | R68: SYM3 | S68: K | T68: Q | U68: SYM2
I69: 64 | J69: SYM1 | K69: A | L69: SYM1 | M69: FG | N69: 10 | P69: 64 | Q69: SYM1 | R69: A | S69: SYM1 | T69: FG | U69: 10
I70: 65 | J70: Q | K70: SYM4 | L70: Q | M70: 10 | N70: SYM4 | P70: 65 | Q70: Q | R70: SYM4 | S70: Q | T70: 10 | U70: SYM4
I71: 66 | J71: SYM3 | K71: K | L71: FG | M71: SYM1 | N71: J | P71: 66 | Q71: SYM3 | R71: K | S71: FG | T71: SYM1 | U71: J
I72: 67 | J72: 10 | K72: SYM2 | L72: 10 | M72: Q | N72: SYM1 | P72: 67 | Q72: 10 | R72: SYM2 | S72: 10 | T72: Q | U72: SYM1
I73: 68 | J73: SYM4 | K73: J | L73: 9 | M73: SYM5 | N73: SYM1 | P73: 68 | Q73: SYM4 | R73: J | S73: 9 | T73: SYM5 | U73: SYM1
I74: 69 | J74: A | K74: SYM5 | L74: SYM2 | M74: SYM5 | N74: SYM1 | P74: 69 | Q74: A | R74: SYM5 | S74: SYM2 | T74: SYM5 | U74: SYM1
I75: 70 | J75: FG | K75: 9 | L75: SYM1 | M75: 10 | N75: K | P75: 70 | Q75: FG | R75: 9 | S75: SYM1 | T75: 10 | U75: K
I76: 71 | J76: Q | K76: SYM5 | L76: J | M76: A | N76: 10 | P76: 71 | Q76: Q | R76: SYM5 | S76: J | T76: A | U76: 10
I77: 72 | J77: 10 | K77: SYM5 | L77: SYM5 | M77: SYM4 | N77: FG | P77: 72 | Q77: 10 | R77: SYM5 | S77: SYM5 | T77: SYM4 | U77: FG
I78: 73 | J78: SYM5 | K78: A | L78: 9 | M78: 9 | N78: A | P78: 73 | Q78: SYM5 | R78: A | S78: 9 | T78: 9 | U78: A
I79: 74 | J79: Q | K79: K | L79: SYM3 | M79: SYM5 | N79: SYM2 | P79: 74 | Q79: Q | R79: K | S79: SYM3 | T79: SYM5 | U79: SYM2
I80: 75 | J80: SYM2 | K80: SYM3 | L80: A | M80: Q | N80: J | P80: 75 | Q80: SYM2 | R80: SYM3 | S80: A | T80: Q | U80: J
I81: 76 | J81: K | K81: K | L81: SYM4 | M81: SYM4 | N81: SYM3 | P81: 76 | Q81: K | R81: K | S81: SYM4 | T81: SYM4 | U81: SYM3
I82: 77 | J82: SYM1 | K82: SYM2 | L82: Q | M82: SYM5 | N82: 9 | P82: 77 | Q82: SYM1 | R82: SYM2 | S82: Q | T82: SYM5 | U82: 9
I83: 78 | J83: 10 | K83: J | L83: SYM5 | M83: K | N83: SYM1 | P83: 78 | Q83: 10 | R83: J | S83: SYM5 | T83: K | U83: SYM1
I84: 79 | J84: SYM4 | K84: SYM5 | L84: 10 | M84: Q | N84: Q | P84: 79 | Q84: SYM4 | R84: SYM5 | S84: 10 | T84: Q | U84: Q
I85: 80 | J85: A | K85: 9 | L85: SYM4 | M85: SYM3 | N85: 9 | P85: 80 | Q85: A | R85: WILD | S85: SYM4 | T85: SYM3 | U85: 9
I86: 81 | J86: Q | K86: 10 | L86: Q | M86: 10 | N86: SYM5 | P86: 81 | Q86: Q | R86: 10 | S86: Q | T86: 10 | U86: SYM5
I87: 82 | J87: FG | K87: SYM2 | L87: SYM3 | M87: WILD | N87: SYM5 | P87: 82 | Q87: SYM1 | R87: SYM2 | S87: SYM3 | T87: WILD | U87: SYM5
I88: 83 | J88: 10 | K88: J | L88: 10 | M88: A | N88: SYM5 | P88: 83 | Q88: SYM1 | R88: J | S88: 10 | T88: A | U88: SYM5
I89: 84 | J89: SYM3 | K89: SYM1 | L89: SYM5 | M89: SYM4 | N89: Q | P89: 84 | Q89: SYM3 | R89: SYM1 | S89: SYM5 | T89: SYM4 | U89: Q
I90: 85 | J90: J | K90: A | L90: K | M90: 9 | N90: SYM1 | P90: 85 | Q90: J | R90: A | S90: K | T90: 9 | U90: SYM1
I91: 86 | J91: 10 | K91: Q | L91: A | M91: SYM1 | N91: K | P91: 86 | Q91: 10 | R91: Q | S91: A | T91: SYM1 | U91: K
I92: 87 | J92: SYM2 | K92: SYM5 | L92: J | N92: Q | P92: 87 | Q92: SYM2 | R92: SYM5 | S92: J | U92: Q
I93: 88 | J93: 9 | K93: K | L93: SYM1 | N93: SYM4 | P93: 88 | Q93: 9 | R93: K | S93: SYM1 | U93: SYM4
I94: 89 | J94: SYM3 | K94: SYM5 | L94: Q | N94: K | P94: 89 | Q94: SYM3 | R94: SYM5 | S94: Q | U94: K
I95: 90 | J95: Q | K95: J | L95: SYM3 | N95: SYM1 | P95: 90 | Q95: Q | R95: J | S95: SYM3 | U95: SYM1
I96: 91 | J96: SYM1 | K96: 9 | L96: A | N96: 10 | P96: 91 | Q96: SYM1 | R96: 9 | S96: A | U96: 10
I97: 92 | J97: 10 | K97: 10 | L97: SYM5 | N97: SYM3 | P97: 92 | Q97: 10 | R97: 10 | S97: SYM5 | U97: SYM3
I98: 93 | J98: SYM3 | K98: SYM2 | L98: Q | N98: Q | P98: 93 | Q98: SYM3 | R98: SYM2 | S98: Q | U98: Q
I99: 94 | J99: 9 | K99: J | L99: SYM3 | N99: A | P99: 94 | Q99: 9 | R99: J | S99: SYM3 | U99: A
I100: 95 | J100: SYM2 | K100: K | L100: 10 | N100: SYM4 | P100: 95 | Q100: SYM2 | R100: K | S100: 10 | U100: SYM4
I101: 96 | J101: K | K101: FG | L101: SYM4 | N101: K | P101: 96 | Q101: K | R101: FG | S101: SYM4 | U101: K
I102: 97 | J102: SYM3 | K102: J | L102: Q | N102: SYM1 | P102: 97 | Q102: SYM3 | R102: J | S102: Q | U102: SYM1
...

Sheet BG
B2: BG | F2: Bet | G2: ='Game Info'!C2 -> 40
B3: FG | F3: Free Games Odds
B4: Total Return
B6: Reel Height
B7: Symbol | C7: Reel 1 | D7: Reel 2 | E7: Reel 3 | F7: Reel 4 | G7: Reel 5
B8: WW | C8: ='BG Reels'!B3 -> 0 | D8: ='BG Reels'!C3 -> 1 | E8: ='BG Reels'!D3 -> 2 | F8: ='BG Reels'!E3 -> 2 | G8: ='BG Reels'!F3 -> 0
B9: SYM1 | C9: ='BG Reels'!B4 -> 6 | D9: ='BG Reels'!C4 -> 4 | E9: ='BG Reels'!D4 -> 10 | F9: ='BG Reels'!E4 -> 8 | G9: ='BG Reels'!F4 -> 17
B10: SYM2 | C10: ='BG Reels'!B5 -> 12 | D10: ='BG Reels'!C5 -> 13 | E10: ='BG Reels'!D5 -> 6 | F10: ='BG Reels'!E5 -> 9 | G10: ='BG Reels'!F5 -> 8
B11: SYM3 | C11: ='BG Reels'!B6 -> 14 | D11: ='BG Reels'!C6 -> 6 | E11: ='BG Reels'!D6 -> 11 | F11: ='BG Reels'!E6 -> 7 | G11: ='BG Reels'!F6 -> 15
B12: SYM4 | C12: ='BG Reels'!B7 -> 6 | D12: ='BG Reels'!C7 -> 10 | E12: ='BG Reels'!D7 -> 11 | F12: ='BG Reels'!E7 -> 10 | G12: ='BG Reels'!F7 -> 8
B13: SYM5 | C13: ='BG Reels'!B8 -> 6 | D13: ='BG Reels'!C8 -> 8 | E13: ='BG Reels'!D8 -> 10 | F13: ='BG Reels'!E8 -> 9 | G13: ='BG Reels'!F8 -> 5
B14: A | C14: ='BG Reels'!B9 -> 8 | D14: ='BG Reels'!C9 -> 8 | E14: ='BG Reels'!D9 -> 6 | F14: ='BG Reels'!E9 -> 5 | G14: ='BG Reels'!F9 -> 7
B15: K | C15: ='BG Reels'!B10 -> 7 | D15: ='BG Reels'!C10 -> 13 | E15: ='BG Reels'!D10 -> 9 | F15: ='BG Reels'!E10 -> 6 | G15: ='BG Reels'!F10 -> 15
B16: Q | C16: ='BG Reels'!B11 -> 11 | D16: ='BG Reels'!C11 -> 10 | E16: ='BG Reels'!D11 -> 16 | F16: ='BG Reels'!E11 -> 9 | G16: ='BG Reels'!F11 -> 14
B17: J | C17: ='BG Reels'!B12 -> 8 | D17: ='BG Reels'!C12 -> 13 | E17: ='BG Reels'!D12 -> 10 | F17: ='BG Reels'!E12 -> 6 | G17: ='BG Reels'!F12 -> 9
B18: 10 | C18: ='BG Reels'!B13 -> 16 | D18: ='BG Reels'!C13 -> 7 | E18: ='BG Reels'!D13 -> 12 | F18: ='BG Reels'!E13 -> 6 | G18: ='BG Reels'!F13 -> 10
B19: 9 | C19: ='BG Reels'!B14 -> 9 | D19: ='BG Reels'!C14 -> 5 | E19: ='BG Reels'!D14 -> 3 | F19: ='BG Reels'!E14 -> 8 | G19: ='BG Reels'!F14 -> 4
B20: FG | C20: ='BG Reels'!B15 -> 4 | D20: ='BG Reels'!C15 -> 4 | E20: ='BG Reels'!D15 -> 4 | F20: ='BG Reels'!E15 -> 1 | G20: ='BG Reels'!F15 -> 1
B21: Total | C21: =SUM(C8:C20) -> 107 | D21: =SUM(D8:D20) -> 102 | E21: =SUM(E8:E20) -> 110 | F21: =SUM(F8:F20) -> 86 | G21: =SUM(G8:G20) -> 113
F22: Cycle | G22: =PRODUCT(C21:G21) -> 11666847720
I23: Symbol Appearances
B24: =B9 -> SYM1 | I24: ='BG Reels'!I4 -> 0 | J24: ='BG Reels'!J4 -> 0 | K24: ='BG Reels'!K4 -> 0 | L24: ='BG Reels'!L4 -> 0 | M24: ='BG Reels'!M4 -> 0
B25: =B10 -> SYM2 | I25: ='BG Reels'!I5 -> 0 | J25: ='BG Reels'!J5 -> 0 | K25: ='BG Reels'!K5 -> 0 | L25: ='BG Reels'!L5 -> 0 | M25: ='BG Reels'!M5 -> 0
B26: =B11 -> SYM3 | I26: ='BG Reels'!I6 -> 0 | J26: ='BG Reels'!J6 -> 0 | K26: ='BG Reels'!K6 -> 0 | L26: ='BG Reels'!L6 -> 0 | M26: ='BG Reels'!M6 -> 0
B27: =B12 -> SYM4 | I27: ='BG Reels'!I7 -> 0 | J27: ='BG Reels'!J7 -> 0 | K27: ='BG Reels'!K7 -> 0 | L27: ='BG Reels'!L7 -> 0 | M27: ='BG Reels'!M7 -> 0
B28: =B13 -> SYM5 | I28: ='BG Reels'!I8 -> 0 | J28: ='BG Reels'!J8 -> 0 | K28: ='BG Reels'!K8 -> 0 | L28: ='BG Reels'!L8 -> 0 | M28: ='BG Reels'!M8 -> 0
B29: =B14 -> A | I29: ='BG Reels'!I9 -> 0 | J29: ='BG Reels'!J9 -> 0 | K29: ='BG Reels'!K9 -> 0 | L29: ='BG Reels'!L9 -> 0 | M29: ='BG Reels'!M9 -> 0
B30: =B15 -> K | I30: ='BG Reels'!I10 -> 0 | J30: ='BG Reels'!J10 -> 0 | K30: ='BG Reels'!K10 -> 0 | L30: ='BG Reels'!L10 -> 0 | M30: ='BG Reels'!M10 -> 0
B31: =B16 -> Q | I31: ='BG Reels'!I11 -> 0 | J31: ='BG Reels'!J11 -> 0 | K31: ='BG Reels'!K11 -> 0 | L31: ='BG Reels'!L11 -> 0 | M31: ='BG Reels'!M11 -> 0
B32: =B17 -> J | I32: ='BG Reels'!I12 -> 0 | J32: ='BG Reels'!J12 -> 0 | K32: ='BG Reels'!K12 -> 0 | L32: ='BG Reels'!L12 -> 0 | M32: ='BG Reels'!M12 -> 0
B33: =B18 -> 10 | I33: ='BG Reels'!I13 -> 0 | J33: ='BG Reels'!J13 -> 0 | K33: ='BG Reels'!K13 -> 0 | L33: ='BG Reels'!L13 -> 0 | M33: ='BG Reels'!M13 -> 0
B34: =B19 -> 9 | I34: ='BG Reels'!I14 -> 0 | J34: ='BG Reels'!J14 -> 0 | K34: ='BG Reels'!K14 -> 0 | L34: ='BG Reels'!L14 -> 0 | M34: ='BG Reels'!M14 -> 0
B35: =B20 -> FG
B37: Combination | C37: Hits | D37: Prob | E37: Pay | F37: Contribution | I37: Combination | J37: Reel 1 | K37: Reel 2 | L37: Reel 3 | M37: Reel 4 | N37: Reel 5 | O37: Hits | P37: Prob | Q37: Pay | R37: Contribution
B38: =B9 & " x5" -> SYM1 x5 | D38: =C38/$G$22 -> 0 | E38: ='Game Info'!AA6 -> 300 | F38: =D38*E38/$G$2 -> 0 | I38: FG x5 | J38: X | K38: X | L38: X | M38: X | N38: X | P38: =O38/$G$22 -> 0 | Q38: ='Game Info'!AA17 -> 20 | R38: =P38*Q38 -> 0
B39: =B10 & " x5" -> SYM2 x5 | D39: =C39/$G$22 -> 0 | E39: ='Game Info'!AA7 -> 150 | F39: =D39*E39/$G$2 -> 0 | I39: FG x4 | J39: X | K39: X | L39: X | M39: X | N39: -- | P39: =O39/$G$22 -> 0 | Q39: ='Game Info'!Z17 -> 10 | R39: =P39*Q39 -> 0
B40: =B11 & " x5" -> SYM3 x5 | D40: =C40/$G$22 -> 0 | E40: ='Game Info'!AA8 -> 150 | F40: =D40*E40/$G$2 -> 0 | I40: FG x4 | J40: X | K40: X | L40: X | M40: -- | N40: X | P40: =O40/$G$22 -> 0 | Q40: =Q39 -> 10 | R40: =P40*Q40 -> 0
B41: =B12 & " x5" -> SYM4 x5 | D41: =C41/$G$22 -> 0 | E41: ='Game Info'!AA9 -> 120 | F41: =D41*E41/$G$2 -> 0 | I41: FG x4 | J41: X | K41: X | L41: -- | M41: X | N41: X | P41: =O41/$G$22 -> 0 | Q41: =Q40 -> 10 | R41: =P41*Q41 -> 0
B42: =B13 & " x5" -> SYM5 x5 | D42: =C42/$G$22 -> 0 | E42: ='Game Info'!AA10 -> 120 | F42: =D42*E42/$G$2 -> 0 | I42: FG x4 | J42: X | K42: -- | L42: X | M42: X | N42: X | P42: =O42/$G$22 -> 0 | Q42: =Q41 -> 10 | R42: =P42*Q42 -> 0
B43: =B14 & " x5" -> A x5 | D43: =C43/$G$22 -> 0 | E43: ='Game Info'!AA11 -> 100 | F43: =D43*E43/$G$2 -> 0 | I43: FG x4 | J43: -- | K43: X | L43: X | M43: X | N43: X | P43: =O43/$G$22 -> 0 | Q43: =Q42 -> 10 | R43: =P43*Q43 -> 0
B44: =B15 & " x5" -> K x5 | D44: =C44/$G$22 -> 0 | E44: ='Game Info'!AA12 -> 100 | F44: =D44*E44/$G$2 -> 0 | I44: FG x3 | J44: X | K44: X | L44: X | M44: -- | N44: -- | P44: =O44/$G$22 -> 0 | Q44: ='Game Info'!Y17 -> 2 | R44: =P44*Q44 -> 0
B45: =B16 & " x5" -> Q x5 | D45: =C45/$G$22 -> 0 | E45: ='Game Info'!AA13 -> 100 | F45: =D45*E45/$G$2 -> 0 | I45: FG x3 | J45: X | K45: X | L45: -- | M45: X | N45: -- | P45: =O45/$G$22 -> 0 | Q45: =Q44 -> 2 | R45: =P45*Q45 -> 0
B46: =B17 & " x5" -> J x5 | D46: =C46/$G$22 -> 0 | E46: ='Game Info'!AA14 -> 100 | F46: =D46*E46/$G$2 -> 0 | I46: FG x3 | J46: X | K46: -- | L46: X | M46: X | N46: -- | P46: =O46/$G$22 -> 0 | Q46: =Q45 -> 2 | R46: =P46*Q46 -> 0
B47: =B18 & " x5" -> 10 x5 | D47: =C47/$G$22 -> 0 | E47: ='Game Info'!AA15 -> 100 | F47: =D47*E47/$G$2 -> 0 | I47: FG x3 | J47: -- | K47: X | L47: X | M47: X | N47: -- | P47: =O47/$G$22 -> 0 | Q47: =Q46 -> 2 | R47: =P47*Q47 -> 0
B48: =B19 & " x5" -> 9 x5 | D48: =C48/$G$22 -> 0 | E48: ='Game Info'!AA16 -> 100 | F48: =D48*E48/$G$2 -> 0 | I48: FG x3 | J48: X | K48: X | L48: -- | M48: -- | N48: X | P48: =O48/$G$22 -> 0 | Q48: =Q47 -> 2 | R48: =P48*Q48 -> 0
B49: =B9 & " x4" -> SYM1 x4 | D49: =C49/$G$22 -> 0 | E49: ='Game Info'!Z6 -> 100 | F49: =D49*E49/$G$2 -> 0 | I49: FG x3 | J49: X | K49: -- | L49: X | M49: -- | N49: X | P49: =O49/$G$22 -> 0 | Q49: =Q48 -> 2 | R49: =P49*Q49 -> 0
B50: =B10 & " x4" -> SYM2 x4 | D50: =C50/$G$22 -> 0 | E50: ='Game Info'!Z7 -> 100 | F50: =D50*E50/$G$2 -> 0 | I50: FG x3 | J50: -- | K50: X | L50: X | M50: -- | N50: X | P50: =O50/$G$22 -> 0 | Q50: =Q49 -> 2 | R50: =P50*Q50 -> 0
B51: =B11 & " x4" -> SYM3 x4 | D51: =C51/$G$22 -> 0 | E51: ='Game Info'!Z8 -> 100 | F51: =D51*E51/$G$2 -> 0 | I51: FG x3 | J51: X | K51: -- | L51: -- | M51: X | N51: X | P51: =O51/$G$22 -> 0 | Q51: =Q50 -> 2 | R51: =P51*Q51 -> 0
B52: =B12 & " x4" -> SYM4 x4 | D52: =C52/$G$22 -> 0 | E52: ='Game Info'!Z9 -> 80 | F52: =D52*E52/$G$2 -> 0 | I52: FG x3 | J52: -- | K52: X | L52: -- | M52: X | N52: X | P52: =O52/$G$22 -> 0 | Q52: =Q51 -> 2 | R52: =P52*Q52 -> 0
B53: =B13 & " x4" -> SYM5 x4 | D53: =C53/$G$22 -> 0 | E53: ='Game Info'!Z10 -> 80 | F53: =D53*E53/$G$2 -> 0 | I53: FG x3 | J53: -- | K53: -- | L53: X | M53: X | N53: X | P53: =O53/$G$22 -> 0 | Q53: =Q52 -> 2 | R53: =P53*Q53 -> 0
B54: =B14 & " x4" -> A x4 | D54: =C54/$G$22 -> 0 | E54: ='Game Info'!Z11 -> 50 | F54: =D54*E54/$G$2 -> 0 | I54: FG x2 | J54: -- | K54: -- | L54: -- | M54: X | N54: X | P54: =O54/$G$22 -> 0 | Q54: 0 | R54: =P54*Q54 -> 0
B55: =B15 & " x4" -> K x4 | D55: =C55/$G$22 -> 0 | E55: ='Game Info'!Z12 -> 50 | F55: =D55*E55/$G$2 -> 0 | I55: FG x2 | J55: -- | K55: -- | L55: X | M55: -- | N55: X | P55: =O55/$G$22 -> 0 | Q55: =Q54 -> 0 | R55: =P55*Q55 -> 0
B56: =B16 & " x4" -> Q x4 | D56: =C56/$G$22 -> 0 | E56: ='Game Info'!Z13 -> 20 | F56: =D56*E56/$G$2 -> 0 | I56: FG x2 | J56: -- | K56: -- | L56: X | M56: X | N56: -- | P56: =O56/$G$22 -> 0 | Q56: =Q55 -> 0 | R56: =P56*Q56 -> 0
B57: =B17 & " x4" -> J x4 | D57: =C57/$G$22 -> 0 | E57: ='Game Info'!Z14 -> 20 | F57: =D57*E57/$G$2 -> 0 | I57: FG x2 | J57: -- | K57: X | L57: -- | M57: -- | N57: X | P57: =O57/$G$22 -> 0 | Q57: =Q56 -> 0 | R57: =P57*Q57 -> 0
B58: =B18 & " x4" -> 10 x4 | D58: =C58/$G$22 -> 0 | E58: ='Game Info'!Z15 -> 10 | F58: =D58*E58/$G$2 -> 0 | I58: FG x2 | J58: -- | K58: X | L58: -- | M58: X | N58: -- | P58: =O58/$G$22 -> 0 | Q58: =Q57 -> 0 | R58: =P58*Q58 -> 0
B59: =B19 & " x4" -> 9 x4 | D59: =C59/$G$22 -> 0 | E59: ='Game Info'!Z16 -> 10 | F59: =D59*E59/$G$2 -> 0 | I59: FG x2 | J59: -- | K59: X | L59: X | M59: -- | N59: -- | P59: =O59/$G$22 -> 0 | Q59: =Q58 -> 0 | R59: =P59*Q59 -> 0
B60: =B9 & " x3" -> SYM1 x3 | D60: =C60/$G$22 -> 0 | E60: ='Game Info'!Y6 -> 50 | F60: =D60*E60/$G$2 -> 0 | I60: FG x2 | J60: X | K60: -- | L60: -- | M60: -- | N60: X | P60: =O60/$G$22 -> 0 | Q60: =Q59 -> 0 | R60: =P60*Q60 -> 0
B61: =B10 & " x3" -> SYM2 x3 | D61: =C61/$G$22 -> 0 | E61: ='Game Info'!Y7 -> 50 | F61: =D61*E61/$G$2 -> 0 | I61: FG x2 | J61: X | K61: -- | L61: -- | M61: X | N61: -- | P61: =O61/$G$22 -> 0 | Q61: =Q60 -> 0 | R61: =P61*Q61 -> 0
B62: =B11 & " x3" -> SYM3 x3 | D62: =C62/$G$22 -> 0 | E62: ='Game Info'!Y8 -> 50 | F62: =D62*E62/$G$2 -> 0 | I62: FG x2 | J62: X | K62: -- | L62: X | M62: -- | N62: -- | P62: =O62/$G$22 -> 0 | Q62: =Q61 -> 0 | R62: =P62*Q62 -> 0
B63: =B12 & " x3" -> SYM4 x3 | D63: =C63/$G$22 -> 0 | E63: ='Game Info'!Y9 -> 20 | F63: =D63*E63/$G$2 -> 0 | I63: FG x2 | J63: X | K63: X | L63: -- | M63: -- | N63: -- | P63: =O63/$G$22 -> 0 | Q63: =Q62 -> 0 | R63: =P63*Q63 -> 0
B64: =B13 & " x3" -> SYM5 x3 | D64: =C64/$G$22 -> 0 | E64: ='Game Info'!Y10 -> 20 | F64: =D64*E64/$G$2 -> 0
B65: =B14 & " x3" -> A x3 | D65: =C65/$G$22 -> 0 | E65: ='Game Info'!Y11 -> 10 | F65: =D65*E65/$G$2 -> 0
B66: =B15 & " x3" -> K x3 | D66: =C66/$G$22 -> 0 | E66: ='Game Info'!Y12 -> 10 | F66: =D66*E66/$G$2 -> 0
B67: =B16 & " x3" -> Q x3 | D67: =C67/$G$22 -> 0 | E67: ='Game Info'!Y13 -> 5 | F67: =D67*E67/$G$2 -> 0
B68: =B17 & " x3" -> J x3 | D68: =C68/$G$22 -> 0 | E68: ='Game Info'!Y14 -> 5 | F68: =D68*E68/$G$2 -> 0
B69: =B18 & " x3" -> 10 x3 | D69: =C69/$G$22 -> 0 | E69: ='Game Info'!Y15 -> 5 | F69: =D69*E69/$G$2 -> 0
B70: =B19 & " x3" -> 9 x3 | D70: =C70/$G$22 -> 0 | E70: ='Game Info'!Y16 -> 5 | F70: =D70*E70/$G$2 -> 0
B71: =B9 & " x2" -> SYM1 x2 | D71: =C71/$G$22 -> 0 | E71: ='Game Info'!X6 -> 10 | F71: =D71*E71/$G$2 -> 0
B72: =B19 & " x2" -> 9 x2 | D72: =C72/$G$22 -> 0 | E72: ='Game Info'!X16 -> 2 | F72: =D72*E72/$G$2 -> 0

Sheet FG
B2: Pay per Spin | G2: Avg Spins | I2: BG | J2: FG | K2: BG Spins | L2: FG Spins
B3: Avg Spins | F3: BG | K3: ='Game Info'!AD6 -> 20 | L3: ='Game Info'!AE6 -> 20
B4: Avg Pay | F4: FG | K4: ='Game Info'!AD7 -> 15 | L4: ='Game Info'!AE7 -> 15
K5: ='Game Info'!AD8 -> 8 | L5: ='Game Info'!AE8 -> 8
K6: ='Game Info'!AD9 -> -- | L6: ='Game Info'!AE9 -> 5
B7: Symbol | C7: Reel 1 | D7: Reel 2 | E7: Reel 3 | F7: Reel 4 | G7: Reel 5
B8: WW | C8: ='FG Reels'!B3 -> 0 | D8: ='FG Reels'!C3 -> 3 | E8: ='FG Reels'!D3 -> 3 | F8: ='FG Reels'!E3 -> 2 | G8: ='FG Reels'!F3 -> 0
B9: SYM1 | C9: ='FG Reels'!B4 -> 8 | D9: ='FG Reels'!C4 -> 5 | E9: ='FG Reels'!D4 -> 12 | F9: ='FG Reels'!E4 -> 8 | G9: ='FG Reels'!F4 -> 17
B10: SYM2 | C10: ='FG Reels'!B5 -> 12 | D10: ='FG Reels'!C5 -> 12 | E10: ='FG Reels'!D5 -> 4 | F10: ='FG Reels'!E5 -> 9 | G10: ='FG Reels'!F5 -> 8
B11: SYM3 | C11: ='FG Reels'!B6 -> 14 | D11: ='FG Reels'!C6 -> 6 | E11: ='FG Reels'!D6 -> 11 | F11: ='FG Reels'!E6 -> 7 | G11: ='FG Reels'!F6 -> 15
B12: SYM4 | C12: ='FG Reels'!B7 -> 6 | D12: ='FG Reels'!C7 -> 10 | E12: ='FG Reels'!D7 -> 11 | F12: ='FG Reels'!E7 -> 10 | G12: ='FG Reels'!F7 -> 8
B13: SYM5 | C13: ='FG Reels'!B8 -> 6 | D13: ='FG Reels'!C8 -> 8 | E13: ='FG Reels'!D8 -> 10 | F13: ='FG Reels'!E8 -> 9 | G13: ='FG Reels'!F8 -> 5
B14: A | C14: ='FG Reels'!B9 -> 8 | D14: ='FG Reels'!C9 -> 8 | E14: ='FG Reels'!D9 -> 6 | F14: ='FG Reels'!E9 -> 5 | G14: ='FG Reels'!F9 -> 7
B15: K | C15: ='FG Reels'!B10 -> 7 | D15: ='FG Reels'!C10 -> 13 | E15: ='FG Reels'!D10 -> 9 | F15: ='FG Reels'!E10 -> 6 | G15: ='FG Reels'!F10 -> 15
B16: Q | C16: ='FG Reels'!B11 -> 11 | D16: ='FG Reels'!C11 -> 10 | E16: ='FG Reels'!D11 -> 16 | F16: ='FG Reels'!E11 -> 9 | G16: ='FG Reels'!F11 -> 14
B17: J | C17: ='FG Reels'!B12 -> 8 | D17: ='FG Reels'!C12 -> 13 | E17: ='FG Reels'!D12 -> 9 | F17: ='FG Reels'!E12 -> 6 | G17: ='FG Reels'!F12 -> 9
B18: 10 | C18: ='FG Reels'!B13 -> 15 | D18: ='FG Reels'!C13 -> 7 | E18: ='FG Reels'!D13 -> 13 | F18: ='FG Reels'!E13 -> 6 | G18: ='FG Reels'!F13 -> 10
B19: 9 | C19: ='FG Reels'!B14 -> 9 | D19: ='FG Reels'!C14 -> 4 | E19: ='FG Reels'!D14 -> 3 | F19: ='FG Reels'!E14 -> 8 | G19: ='FG Reels'!F14 -> 4
B20: FG | C20: ='FG Reels'!B15 -> 3 | D20: ='FG Reels'!C15 -> 3 | E20: ='FG Reels'!D15 -> 3 | F20: ='FG Reels'!E15 -> 1 | G20: ='FG Reels'!F15 -> 1
B21: Total | C21: =SUM(C8:C20) -> 107 | D21: =SUM(D8:D20) -> 102 | E21: =SUM(E8:E20) -> 110 | F21: =SUM(F8:F20) -> 86 | G21: =SUM(G8:G20) -> 113
F22: Cycle | G22: =PRODUCT(C21:G21) -> 11666847720
I23: Symbol Appearances
B24: =B9 -> SYM1 | I24: ='FG Reels'!I4 -> 0 | J24: ='FG Reels'!J4 -> 0 | K24: ='FG Reels'!K4 -> 0 | L24: ='FG Reels'!L4 -> 0 | M24: ='FG Reels'!M4 -> 0
B25: =B10 -> SYM2 | I25: ='FG Reels'!I5 -> 0 | J25: ='FG Reels'!J5 -> 0 | K25: ='FG Reels'!K5 -> 0 | L25: ='FG Reels'!L5 -> 0 | M25: ='FG Reels'!M5 -> 0
B26: =B11 -> SYM3 | I26: ='FG Reels'!I6 -> 0 | J26: ='FG Reels'!J6 -> 0 | K26: ='FG Reels'!K6 -> 0 | L26: ='FG Reels'!L6 -> 0 | M26: ='FG Reels'!M6 -> 0
B27: =B12 -> SYM4 | I27: ='FG Reels'!I7 -> 0 | J27: ='FG Reels'!J7 -> 0 | K27: ='FG Reels'!K7 -> 0 | L27: ='FG Reels'!L7 -> 0 | M27: ='FG Reels'!M7 -> 0
B28: =B13 -> SYM5 | I28: ='FG Reels'!I8 -> 0 | J28: ='FG Reels'!J8 -> 0 | K28: ='FG Reels'!K8 -> 0 | L28: ='FG Reels'!L8 -> 0 | M28: ='FG Reels'!M8 -> 0
B29: =B14 -> A | I29: ='FG Reels'!I9 -> 0 | J29: ='FG Reels'!J9 -> 0 | K29: ='FG Reels'!K9 -> 0 | L29: ='FG Reels'!L9 -> 0 | M29: ='FG Reels'!M9 -> 0
B30: =B15 -> K | I30: ='FG Reels'!I10 -> 0 | J30: ='FG Reels'!J10 -> 0 | K30: ='FG Reels'!K10 -> 0 | L30: ='FG Reels'!L10 -> 0 | M30: ='FG Reels'!M10 -> 0
B31: =B16 -> Q | I31: ='FG Reels'!I11 -> 0 | J31: ='FG Reels'!J11 -> 0 | K31: ='FG Reels'!K11 -> 0 | L31: ='FG Reels'!L11 -> 0 | M31: ='FG Reels'!M11 -> 0
B32: =B17 -> J | I32: ='FG Reels'!I12 -> 0 | J32: ='FG Reels'!J12 -> 0 | K32: ='FG Reels'!K12 -> 0 | L32: ='FG Reels'!L12 -> 0 | M32: ='FG Reels'!M12 -> 0
B33: =B18 -> 10 | I33: ='FG Reels'!I13 -> 0 | J33: ='FG Reels'!J13 -> 0 | K33: ='FG Reels'!K13 -> 0 | L33: ='FG Reels'!L13 -> 0 | M33: ='FG Reels'!M13 -> 0
B34: =B19 -> 9 | I34: ='FG Reels'!I14 -> 0 | J34: ='FG Reels'!J14 -> 0 | K34: ='FG Reels'!K14 -> 0 | L34: ='FG Reels'!L14 -> 0 | M34: ='FG Reels'!M14 -> 0
B35: =B20 -> FG
B37: Combination | C37: Hits | D37: Prob | E37: Pay | F37: Contribution | I37: Combination | J37: Reel 1 | K37: Reel 2 | L37: Reel 3 | M37: Reel 4 | N37: Reel 5 | O37: Hits | P37: Prob | Q37: Pay | R37: Contribution
B38: =B9 & " x5" -> SYM1 x5 | D38: =C38/$G$22 -> 0 | E38: ='Game Info'!AA6 -> 300 | F38: =D38*E38/BG!$G$2 -> 0 | I38: FG x5 | J38: X | K38: X | L38: X | M38: X | N38: X | P38: =O38/$G$22 -> 0 | Q38: ='Game Info'!AA17 -> 20 | R38: =P38*Q38 -> 0
B39: =B10 & " x5" -> SYM2 x5 | D39: =C39/$G$22 -> 0 | E39: ='Game Info'!AA7 -> 150 | F39: =D39*E39/BG!$G$2 -> 0 | I39: FG x4 | J39: X | K39: X | L39: X | M39: X | N39: -- | P39: =O39/$G$22 -> 0 | Q39: ='Game Info'!Z17 -> 10 | R39: =P39*Q39 -> 0
B40: =B11 & " x5" -> SYM3 x5 | D40: =C40/$G$22 -> 0 | E40: ='Game Info'!AA8 -> 150 | F40: =D40*E40/BG!$G$2 -> 0 | I40: FG x4 | J40: X | K40: X | L40: X | M40: -- | N40: X | P40: =O40/$G$22 -> 0 | Q40: =Q39 -> 10 | R40: =P40*Q40 -> 0
B41: =B12 & " x5" -> SYM4 x5 | D41: =C41/$G$22 -> 0 | E41: ='Game Info'!AA9 -> 120 | F41: =D41*E41/BG!$G$2 -> 0 | I41: FG x4 | J41: X | K41: X | L41: -- | M41: X | N41: X | P41: =O41/$G$22 -> 0 | Q41: =Q40 -> 10 | R41: =P41*Q41 -> 0
B42: =B13 & " x5" -> SYM5 x5 | D42: =C42/$G$22 -> 0 | E42: ='Game Info'!AA10 -> 120 | F42: =D42*E42/BG!$G$2 -> 0 | I42: FG x4 | J42: X | K42: -- | L42: X | M42: X | N42: X | P42: =O42/$G$22 -> 0 | Q42: =Q41 -> 10 | R42: =P42*Q42 -> 0
B43: =B14 & " x5" -> A x5 | D43: =C43/$G$22 -> 0 | E43: ='Game Info'!AA11 -> 100 | F43: =D43*E43/BG!$G$2 -> 0 | I43: FG x4 | J43: -- | K43: X | L43: X | M43: X | N43: X | P43: =O43/$G$22 -> 0 | Q43: =Q42 -> 10 | R43: =P43*Q43 -> 0
B44: =B15 & " x5" -> K x5 | D44: =C44/$G$22 -> 0 | E44: ='Game Info'!AA12 -> 100 | F44: =D44*E44/BG!$G$2 -> 0 | I44: FG x3 | J44: X | K44: X | L44: X | M44: -- | N44: -- | P44: =O44/$G$22 -> 0 | Q44: ='Game Info'!Y17 -> 2 | R44: =P44*Q44 -> 0
B45: =B16 & " x5" -> Q x5 | D45: =C45/$G$22 -> 0 | E45: ='Game Info'!AA13 -> 100 | F45: =D45*E45/BG!$G$2 -> 0 | I45: FG x3 | J45: X | K45: X | L45: -- | M45: X | N45: -- | P45: =O45/$G$22 -> 0 | Q45: =Q44 -> 2 | R45: =P45*Q45 -> 0
B46: =B17 & " x5" -> J x5 | D46: =C46/$G$22 -> 0 | E46: ='Game Info'!AA14 -> 100 | F46: =D46*E46/BG!$G$2 -> 0 | I46: FG x3 | J46: X | K46: -- | L46: X | M46: X | N46: -- | P46: =O46/$G$22 -> 0 | Q46: =Q45 -> 2 | R46: =P46*Q46 -> 0
B47: =B18 & " x5" -> 10 x5 | D47: =C47/$G$22 -> 0 | E47: ='Game Info'!AA15 -> 100 | F47: =D47*E47/BG!$G$2 -> 0 | I47: FG x3 | J47: -- | K47: X | L47: X | M47: X | N47: -- | P47: =O47/$G$22 -> 0 | Q47: =Q46 -> 2 | R47: =P47*Q47 -> 0
B48: =B19 & " x5" -> 9 x5 | D48: =C48/$G$22 -> 0 | E48: ='Game Info'!AA16 -> 100 | F48: =D48*E48/BG!$G$2 -> 0 | I48: FG x3 | J48: X | K48: X | L48: -- | M48: -- | N48: X | P48: =O48/$G$22 -> 0 | Q48: =Q47 -> 2 | R48: =P48*Q48 -> 0
B49: =B9 & " x4" -> SYM1 x4 | D49: =C49/$G$22 -> 0 | E49: ='Game Info'!Z6 -> 100 | F49: =D49*E49/BG!$G$2 -> 0 | I49: FG x3 | J49: X | K49: -- | L49: X | M49: -- | N49: X | P49: =O49/$G$22 -> 0 | Q49: =Q48 -> 2 | R49: =P49*Q49 -> 0
B50: =B10 & " x4" -> SYM2 x4 | D50: =C50/$G$22 -> 0 | E50: ='Game Info'!Z7 -> 100 | F50: =D50*E50/BG!$G$2 -> 0 | I50: FG x3 | J50: -- | K50: X | L50: X | M50: -- | N50: X | P50: =O50/$G$22 -> 0 | Q50: =Q49 -> 2 | R50: =P50*Q50 -> 0
B51: =B11 & " x4" -> SYM3 x4 | D51: =C51/$G$22 -> 0 | E51: ='Game Info'!Z8 -> 100 | F51: =D51*E51/BG!$G$2 -> 0 | I51: FG x3 | J51: X | K51: -- | L51: -- | M51: X | N51: X | P51: =O51/$G$22 -> 0 | Q51: =Q50 -> 2 | R51: =P51*Q51 -> 0
B52: =B12 & " x4" -> SYM4 x4 | D52: =C52/$G$22 -> 0 | E52: ='Game Info'!Z9 -> 80 | F52: =D52*E52/BG!$G$2 -> 0 | I52: FG x3 | J52: -- | K52: X | L52: -- | M52: X | N52: X | P52: =O52/$G$22 -> 0 | Q52: =Q51 -> 2 | R52: =P52*Q52 -> 0
B53: =B13 & " x4" -> SYM5 x4 | D53: =C53/$G$22 -> 0 | E53: ='Game Info'!Z10 -> 80 | F53: =D53*E53/BG!$G$2 -> 0 | I53: FG x3 | J53: -- | K53: -- | L53: X | M53: X | N53: X | P53: =O53/$G$22 -> 0 | Q53: =Q52 -> 2 | R53: =P53*Q53 -> 0
B54: =B14 & " x4" -> A x4 | D54: =C54/$G$22 -> 0 | E54: ='Game Info'!Z11 -> 50 | F54: =D54*E54/BG!$G$2 -> 0 | I54: FG x2 | J54: -- | K54: -- | L54: -- | M54: X | N54: X | P54: =O54/$G$22 -> 0 | Q54: 0 | R54: =P54*Q54 -> 0
B55: =B15 & " x4" -> K x4 | D55: =C55/$G$22 -> 0 | E55: ='Game Info'!Z12 -> 50 | F55: =D55*E55/BG!$G$2 -> 0 | I55: FG x2 | J55: -- | K55: -- | L55: X | M55: -- | N55: X | P55: =O55/$G$22 -> 0 | Q55: =Q54 -> 0 | R55: =P55*Q55 -> 0
B56: =B16 & " x4" -> Q x4 | D56: =C56/$G$22 -> 0 | E56: ='Game Info'!Z13 -> 20 | F56: =D56*E56/BG!$G$2 -> 0 | I56: FG x2 | J56: -- | K56: -- | L56: X | M56: X | N56: -- | P56: =O56/$G$22 -> 0 | Q56: =Q55 -> 0 | R56: =P56*Q56 -> 0
B57: =B17 & " x4" -> J x4 | D57: =C57/$G$22 -> 0 | E57: ='Game Info'!Z14 -> 20 | F57: =D57*E57/BG!$G$2 -> 0 | I57: FG x2 | J57: -- | K57: X | L57: -- | M57: -- | N57: X | P57: =O57/$G$22 -> 0 | Q57: =Q56 -> 0 | R57: =P57*Q57 -> 0
B58: =B18 & " x4" -> 10 x4 | D58: =C58/$G$22 -> 0 | E58: ='Game Info'!Z15 -> 10 | F58: =D58*E58/BG!$G$2 -> 0 | I58: FG x2 | J58: -- | K58: X | L58: -- | M58: X | N58: -- | P58: =O58/$G$22 -> 0 | Q58: =Q57 -> 0 | R58: =P58*Q58 -> 0
B59: =B19 & " x4" -> 9 x4 | D59: =C59/$G$22 -> 0 | E59: ='Game Info'!Z16 -> 10 | F59: =D59*E59/BG!$G$2 -> 0 | I59: FG x2 | J59: -- | K59: X | L59: X | M59: -- | N59: -- | P59: =O59/$G$22 -> 0 | Q59: =Q58 -> 0 | R59: =P59*Q59 -> 0
B60: =B9 & " x3" -> SYM1 x3 | D60: =C60/$G$22 -> 0 | E60: ='Game Info'!Y6 -> 50 | F60: =D60*E60/BG!$G$2 -> 0 | I60: FG x2 | J60: X | K60: -- | L60: -- | M60: -- | N60: X | P60: =O60/$G$22 -> 0 | Q60: =Q59 -> 0 | R60: =P60*Q60 -> 0
B61: =B10 & " x3" -> SYM2 x3 | D61: =C61/$G$22 -> 0 | E61: ='Game Info'!Y7 -> 50 | F61: =D61*E61/BG!$G$2 -> 0 | I61: FG x2 | J61: X | K61: -- | L61: -- | M61: X | N61: -- | P61: =O61/$G$22 -> 0 | Q61: =Q60 -> 0 | R61: =P61*Q61 -> 0
B62: =B11 & " x3" -> SYM3 x3 | D62: =C62/$G$22 -> 0 | E62: ='Game Info'!Y8 -> 50 | F62: =D62*E62/BG!$G$2 -> 0 | I62: FG x2 | J62: X | K62: -- | L62: X | M62: -- | N62: -- | P62: =O62/$G$22 -> 0 | Q62: =Q61 -> 0 | R62: =P62*Q62 -> 0
B63: =B12 & " x3" -> SYM4 x3 | D63: =C63/$G$22 -> 0 | E63: ='Game Info'!Y9 -> 20 | F63: =D63*E63/BG!$G$2 -> 0 | I63: FG x2 | J63: X | K63: X | L63: -- | M63: -- | N63: -- | P63: =O63/$G$22 -> 0 | Q63: =Q62 -> 0 | R63: =P63*Q63 -> 0
B64: =B13 & " x3" -> SYM5 x3 | D64: =C64/$G$22 -> 0 | E64: ='Game Info'!Y10 -> 20 | F64: =D64*E64/BG!$G$2 -> 0
B65: =B14 & " x3" -> A x3 | D65: =C65/$G$22 -> 0 | E65: ='Game Info'!Y11 -> 10 | F65: =D65*E65/BG!$G$2 -> 0
B66: =B15 & " x3" -> K x3 | D66: =C66/$G$22 -> 0 | E66: ='Game Info'!Y12 -> 10 | F66: =D66*E66/BG!$G$2 -> 0
B67: =B16 & " x3" -> Q x3 | D67: =C67/$G$22 -> 0 | E67: ='Game Info'!Y13 -> 5 | F67: =D67*E67/BG!$G$2 -> 0
B68: =B17 & " x3" -> J x3 | D68: =C68/$G$22 -> 0 | E68: ='Game Info'!Y14 -> 5 | F68: =D68*E68/BG!$G$2 -> 0
B69: =B18 & " x3" -> 10 x3 | D69: =C69/$G$22 -> 0 | E69: ='Game Info'!Y15 -> 5 | F69: =D69*E69/BG!$G$2 -> 0
B70: =B19 & " x3" -> 9 x3 | D70: =C70/$G$22 -> 0 | E70: ='Game Info'!Y16 -> 5 | F70: =D70*E70/BG!$G$2 -> 0
B71: =B9 & " x2" -> SYM1 x2 | D71: =C71/$G$22 -> 0 | E71: ='Game Info'!X6 -> 10 | F71: =D71*E71/BG!$G$2 -> 0
B72: =B19 & " x2" -> 9 x2 | D72: =C72/$G$22 -> 0 | E72: ='Game Info'!X16 -> 2 | F72: =D72*E72/BG!$G$2 -> 0

Sheet BG Reels
A2: Symbol | B2: Reel 1 | C2: Reel 2 | D2: Reel 3 | E2: Reel 4 | F2: Reel 5
A3: WILD | B3: =COUNTIF(B$23:B$172,$A3) -> 0 | C3: =COUNTIF(C$23:C$172,$A3) -> 1 | D3: =COUNTIF(D$23:D$172,$A3) -> 2 | E3: =COUNTIF(E$23:E$172,$A3) -> 2 | F3: =COUNTIF(F$23:F$172,$A3) -> 0 | H3: Symbol Appearances
A4: SYM1 | B4: =COUNTIF(B$23:B$172,$A4) -> 6 | C4: =COUNTIF(C$23:C$172,$A4) -> 4 | D4: =COUNTIF(D$23:D$172,$A4) -> 10 | E4: =COUNTIF(E$23:E$172,$A4) -> 8 | F4: =COUNTIF(F$23:F$172,$A4) -> 17 | H4: SYM1
A5: SYM2 | B5: =COUNTIF(B$23:B$172,$A5) -> 12 | C5: =COUNTIF(C$23:C$172,$A5) -> 13 | D5: =COUNTIF(D$23:D$172,$A5) -> 6 | E5: =COUNTIF(E$23:E$172,$A5) -> 9 | F5: =COUNTIF(F$23:F$172,$A5) -> 8 | H5: SYM2
A6: SYM3 | B6: =COUNTIF(B$23:B$172,$A6) -> 14 | C6: =COUNTIF(C$23:C$172,$A6) -> 6 | D6: =COUNTIF(D$23:D$172,$A6) -> 11 | E6: =COUNTIF(E$23:E$172,$A6) -> 7 | F6: =COUNTIF(F$23:F$172,$A6) -> 15 | H6: SYM3
A7: SYM4 | B7: =COUNTIF(B$23:B$172,$A7) -> 6 | C7: =COUNTIF(C$23:C$172,$A7) -> 10 | D7: =COUNTIF(D$23:D$172,$A7) -> 11 | E7: =COUNTIF(E$23:E$172,$A7) -> 10 | F7: =COUNTIF(F$23:F$172,$A7) -> 8 | H7: SYM4
A8: SYM5 | B8: =COUNTIF(B$23:B$172,$A8) -> 6 | C8: =COUNTIF(C$23:C$172,$A8) -> 8 | D8: =COUNTIF(D$23:D$172,$A8) -> 10 | E8: =COUNTIF(E$23:E$172,$A8) -> 9 | F8: =COUNTIF(F$23:F$172,$A8) -> 5 | H8: SYM5
A9: A | B9: =COUNTIF(B$23:B$172,$A9) -> 8 | C9: =COUNTIF(C$23:C$172,$A9) -> 8 | D9: =COUNTIF(D$23:D$172,$A9) -> 6 | E9: =COUNTIF(E$23:E$172,$A9) -> 5 | F9: =COUNTIF(F$23:F$172,$A9) -> 7 | H9: A
A10: K | B10: =COUNTIF(B$23:B$172,$A10) -> 7 | C10: =COUNTIF(C$23:C$172,$A10) -> 13 | D10: =COUNTIF(D$23:D$172,$A10) -> 9 | E10: =COUNTIF(E$23:E$172,$A10) -> 6 | F10: =COUNTIF(F$23:F$172,$A10) -> 15 | H10: K
A11: Q | B11: =COUNTIF(B$23:B$172,$A11) -> 11 | C11: =COUNTIF(C$23:C$172,$A11) -> 10 | D11: =COUNTIF(D$23:D$172,$A11) -> 16 | E11: =COUNTIF(E$23:E$172,$A11) -> 9 | F11: =COUNTIF(F$23:F$172,$A11) -> 14 | H11: Q
A12: J | B12: =COUNTIF(B$23:B$172,$A12) -> 8 | C12: =COUNTIF(C$23:C$172,$A12) -> 13 | D12: =COUNTIF(D$23:D$172,$A12) -> 10 | E12: =COUNTIF(E$23:E$172,$A12) -> 6 | F12: =COUNTIF(F$23:F$172,$A12) -> 9 | H12: J
A13: 10 | B13: =COUNTIF(B$23:B$172,$A13) -> 16 | C13: =COUNTIF(C$23:C$172,$A13) -> 7 | D13: =COUNTIF(D$23:D$172,$A13) -> 12 | E13: =COUNTIF(E$23:E$172,$A13) -> 6 | F13: =COUNTIF(F$23:F$172,$A13) -> 10 | H13: 10
A14: 9 | B14: =COUNTIF(B$23:B$172,$A14) -> 9 | C14: =COUNTIF(C$23:C$172,$A14) -> 5 | D14: =COUNTIF(D$23:D$172,$A14) -> 3 | E14: =COUNTIF(E$23:E$172,$A14) -> 8 | F14: =COUNTIF(F$23:F$172,$A14) -> 4 | H14: 9
A15: FG | B15: =COUNTIF(B$23:B$172,$A15) -> 4 | C15: =COUNTIF(C$23:C$172,$A15) -> 4 | D15: =COUNTIF(D$23:D$172,$A15) -> 4 | E15: =COUNTIF(E$23:E$172,$A15) -> 1 | F15: =COUNTIF(F$23:F$172,$A15) -> 1
A16: Total | B16: =SUM(B3:B15) -> 107 | C16: =SUM(C3:C15) -> 102 | D16: =SUM(D3:D15) -> 110 | E16: =SUM(E3:E15) -> 86 | F16: =SUM(F3:F15) -> 113
A18: BG Reels
A19: Pos. | B19: Reel 1 | C19: Reel 2 | D19: Reel 3 | E19: Reel 4 | F19: Reel 5
A20: -3 | B20: =OFFSET(B23,B16+$A20,) -> Q | C20: =OFFSET(C23,C16+$A20,) -> SYM3 | D20: =OFFSET(D23,D16+$A20,) -> 10 | E20: =OFFSET(E23,E16+$A20,) -> SYM4 | F20: =OFFSET(F23,F16+$A20,) -> Q
A21: -2 | B21: =OFFSET(B23,B16+$A21,) -> 10 | C21: =OFFSET(C23,C16+$A21,) -> A | D21: =OFFSET(D23,D16+$A21,) -> SYM4 | E21: =OFFSET(E23,E16+$A21,) -> 9 | F21: =OFFSET(F23,F16+$A21,) -> SYM4 | H21: =$A$4 -> SYM1 | N21: =$A$5 -> SYM2 | T21: =$A$6 -> SYM3 | Z21: =$A$7 -> SYM4 | AF21: =$A$8 -> SYM5 | AL21: =$A$9 -> A | AR21: =$A$10 -> K | AX21: =$A$11 -> Q | BD21: =$A$12 -> J | BJ21: =$A$13 -> 10 | BP21: =$A$14 -> 9
A22: -1 | B22: =OFFSET(B23,B16+$A22,) -> SYM2 | C22: =OFFSET(C23,C16+$A22,) -> SYM4 | D22: =OFFSET(D23,D16+$A22,) -> Q | E22: =OFFSET(E23,E16+$A22,) -> SYM1 | F22: =OFFSET(F23,F16+$A22,) -> J
A23: 1 | B23: =IF('Game Info'!J6="","",'Game Info'!J6) -> 10 | C23: =IF('Game Info'!K6="","",'Game Info'!K6) -> SYM4 | D23: =IF('Game Info'!L6="","",'Game Info'!L6) -> SYM1 | E23: =IF('Game Info'!M6="","",'Game Info'!M6) -> 10 | F23: =IF('Game Info'!N6="","",'Game Info'!N6) -> 10 | H23: =IF($B23="","",COUNTIF($B20:$B23,H$21)+COUNTIF($B20:$B23,$A$3)) -> 0 | I23: =IF($C23="","",COUNTIF($C20:$C23,H$21)+COUNTIF($C20:$C23,$A$3)) -> 0 | J23: =IF($D23="","",COUNTIF($D20:$D23,H$21)+COUNTIF($D20:$D23,$A$3)) -> 1 | K23: =IF($E23="","",COUNTIF($E20:$E23,H$21)+COUNTIF($E20:$E23,$A$3)) -> 1 | L23: =IF($F23="","",COUNTIF($F20:$F23,H$21)+COUNTIF($F20:$F23,$A$3)) -> 0 | N23: =IF($B23="","",COUNTIF($B20:$B23,N$21)+COUNTIF($B20:$B23,$A$3)) -> 1 | O23: =IF($C23="","",COUNTIF($C20:$C23,N$21)+COUNTIF($C20:$C23,$A$3)) -> 0 | P23: =IF($D23="","",COUNTIF($D20:$D23,N$21)+COUNTIF($D20:$D23,$A$3)) -> 0 | Q23: =IF($E23="","",COUNTIF($E20:$E23,N$21)+COUNTIF($E20:$E23,$A$3)) -> 0 | R23: =IF($F23="","",COUNTIF($F20:$F23,N$21)+COUNTIF($F20:$F23,$A$3)) -> 0 | T23: =IF($B23="","",COUNTIF($B20:$B23,T$21)+COUNTIF($B20:$B23,$A$3)) -> 0 | U23: =IF($C23="","",COUNTIF($C20:$C23,T$21)+COUNTIF($C20:$C23,$A$3)) -> 1 | V23: =IF($D23="","",COUNTIF($D20:$D23,T$21)+COUNTIF($D20:$D23,$A$3)) -> 0 | W23: =IF($E23="","",COUNTIF($E20:$E23,T$21)+COUNTIF($E20:$E23,$A$3)) -> 0 | X23: =IF($F23="","",COUNTIF($F20:$F23,T$21)+COUNTIF($F20:$F23,$A$3)) -> 0 | Z23: =IF($B23="","",COUNTIF($B20:$B23,Z$21)+COUNTIF($B20:$B23,$A$3)) -> 0 | AA23: =IF($C23="","",COUNTIF($C20:$C23,Z$21)+COUNTIF($C20:$C23,$A$3)) -> 2 | AB23: =IF($D23="","",COUNTIF($D20:$D23,Z$21)+COUNTIF($D20:$D23,$A$3)) -> 1 | AC23: =IF($E23="","",COUNTIF($E20:$E23,Z$21)+COUNTIF($E20:$E23,$A$3)) -> 1 | AD23: =IF($F23="","",COUNTIF($F20:$F23,Z$21)+COUNTIF($F20:$F23,$A$3)) -> 1 | AF23: =IF($B23="","",COUNTIF($B20:$B23,AF$21)+COUNTIF($B20:$B23,$A$3)) -> 0 | AG23: =IF($C23="","",COUNTIF($C20:$C23,AF$21)+COUNTIF($C20:$C23,$A$3)) -> 0 | AH23: =IF($D23="","",COUNTIF($D20:$D23,AF$21)+COUNTIF($D20:$D23,$A$3)) -> 0 | AI23: =IF($E23="","",COUNTIF($E20:$E23,AF$21)+COUNTIF($E20:$E23,$A$3)) -> 0 | AJ23: =IF($F23="","",COUNTIF($F20:$F23,AF$21)+COUNTIF($F20:$F23,$A$3)) -> 0 | AL23: =IF($B23="","",COUNTIF($B20:$B23,AL$21)+COUNTIF($B20:$B23,$A$3)) -> 0 | AM23: =IF($C23="","",COUNTIF($C20:$C23,AL$21)+COUNTIF($C20:$C23,$A$3)) -> 1 | AN23: =IF($D23="","",COUNTIF($D20:$D23,AL$21)+COUNTIF($D20:$D23,$A$3)) -> 0 | AO23: =IF($E23="","",COUNTIF($E20:$E23,AL$21)+COUNTIF($E20:$E23,$A$3)) -> 0 | AP23: =IF($F23="","",COUNTIF($F20:$F23,AL$21)+COUNTIF($F20:$F23,$A$3)) -> 0 | AR23: =IF($B23="","",COUNTIF($B20:$B23,AR$21)+COUNTIF($B20:$B23,$A$3)) -> 0 | AS23: =IF($C23="","",COUNTIF($C20:$C23,AR$21)+COUNTIF($C20:$C23,$A$3)) -> 0 | AT23: =IF($D23="","",COUNTIF($D20:$D23,AR$21)+COUNTIF($D20:$D23,$A$3)) -> 0 | AU23: =IF($E23="","",COUNTIF($E20:$E23,AR$21)+COUNTIF($E20:$E23,$A$3)) -> 0 | AV23: =IF($F23="","",COUNTIF($F20:$F23,AR$21)+COUNTIF($F20:$F23,$A$3)) -> 0 | AX23: =IF($B23="","",COUNTIF($B20:$B23,AX$21)+COUNTIF($B20:$B23,$A$3)) -> 1 | AY23: =IF($C23="","",COUNTIF($C20:$C23,AX$21)+COUNTIF($C20:$C23,$A$3)) -> 0 | AZ23: =IF($D23="","",COUNTIF($D20:$D23,AX$21)+COUNTIF($D20:$D23,$A$3)) -> 1 | BA23: =IF($E23="","",COUNTIF($E20:$E23,AX$21)+COUNTIF($E20:$E23,$A$3)) -> 0 | BB23: =IF($F23="","",COUNTIF($F20:$F23,AX$21)+COUNTIF($F20:$F23,$A$3)) -> 1 | BD23: =IF($B23="","",COUNTIF($B20:$B23,BD$21)+COUNTIF($B20:$B23,$A$3)) -> 0 | BE23: =IF($C23="","",COUNTIF($C20:$C23,BD$21)+COUNTIF($C20:$C23,$A$3)) -> 0 | BF23: =IF($D23="","",COUNTIF($D20:$D23,BD$21)+COUNTIF($D20:$D23,$A$3)) -> 0 | BG23: =IF($E23="","",COUNTIF($E20:$E23,BD$21)+COUNTIF($E20:$E23,$A$3)) -> 0 | BH23: =IF($F23="","",COUNTIF($F20:$F23,BD$21)+COUNTIF($F20:$F23,$A$3)) -> 1 | BJ23: =IF($B23="","",COUNTIF($B20:$B23,BJ$21)+COUNTIF($B20:$B23,$A$3)) -> 2 | BK23: =IF($C23="","",COUNTIF($C20:$C23,BJ$21)+COUNTIF($C20:$C23,$A$3)) -> 0 | BL23: =IF($D23="","",COUNTIF($D20:$D23,BJ$21)+COUNTIF($D20:$D23,$A$3)) -> 1 | BM23: =IF($E23="","",COUNTIF($E20:$E23,BJ$21)+COUNTIF($E20:$E23,$A$3)) -> 1 | BN23: =IF($F23="","",COUNTIF($F20:$F23,BJ$21)+COUNTIF($F20:$F23,$A$3)) -> 1 | BP23: =IF($B23="","",COUNTIF($B20:$B23,BP$21)+COUNTIF($B20:$B23,$A$3)) -> 0 | BQ23: =IF($C23="","",COUNTIF($C20:$C23,BP$21)+COUNTIF($C20:$C23,$A$3)) -> 0 | BR23: =IF($D23="","",COUNTIF($D20:$D23,BP$21)+COUNTIF($D20:$D23,$A$3)) -> 0 | BS23: =IF($E23="","",COUNTIF($E20:$E23,BP$21)+COUNTIF($E20:$E23,$A$3)) -> 1 | BT23: =IF($F23="","",COUNTIF($F20:$F23,BP$21)+COUNTIF($F20:$F23,$A$3)) -> 0
A24: 2 | B24: =IF('Game Info'!J7="","",'Game Info'!J7) -> SYM3 | C24: =IF('Game Info'!K7="","",'Game Info'!K7) -> 9 | D24: =IF('Game Info'!L7="","",'Game Info'!L7) -> K | E24: =IF('Game Info'!M7="","",'Game Info'!M7) -> SYM3 | F24: =IF('Game Info'!N7="","",'Game Info'!N7) -> SYM5 | H24: =IF($B24="","",COUNTIF($B21:$B24,H$21)+COUNTIF($B21:$B24,$A$3)) -> 0 | I24: =IF($C24="","",COUNTIF($C21:$C24,H$21)+COUNTIF($C21:$C24,$A$3)) -> 0 | J24: =IF($D24="","",COUNTIF($D21:$D24,H$21)+COUNTIF($D21:$D24,$A$3)) -> 1 | K24: =IF($E24="","",COUNTIF($E21:$E24,H$21)+COUNTIF($E21:$E24,$A$3)) -> 1 | L24: =IF($F24="","",COUNTIF($F21:$F24,H$21)+COUNTIF($F21:$F24,$A$3)) -> 0 | N24: =IF($B24="","",COUNTIF($B21:$B24,N$21)+COUNTIF($B21:$B24,$A$3)) -> 1 | O24: =IF($C24="","",COUNTIF($C21:$C24,N$21)+COUNTIF($C21:$C24,$A$3)) -> 0 | P24: =IF($D24="","",COUNTIF($D21:$D24,N$21)+COUNTIF($D21:$D24,$A$3)) -> 0 | Q24: =IF($E24="","",COUNTIF($E21:$E24,N$21)+COUNTIF($E21:$E24,$A$3)) -> 0 | R24: =IF($F24="","",COUNTIF($F21:$F24,N$21)+COUNTIF($F21:$F24,$A$3)) -> 0 | T24: =IF($B24="","",COUNTIF($B21:$B24,T$21)+COUNTIF($B21:$B24,$A$3)) -> 1 | U24: =IF($C24="","",COUNTIF($C21:$C24,T$21)+COUNTIF($C21:$C24,$A$3)) -> 0 | V24: =IF($D24="","",COUNTIF($D21:$D24,T$21)+COUNTIF($D21:$D24,$A$3)) -> 0 | W24: =IF($E24="","",COUNTIF($E21:$E24,T$21)+COUNTIF($E21:$E24,$A$3)) -> 1 | X24: =IF($F24="","",COUNTIF($F21:$F24,T$21)+COUNTIF($F21:$F24,$A$3)) -> 0 | Z24: =IF($B24="","",COUNTIF($B21:$B24,Z$21)+COUNTIF($B21:$B24,$A$3)) -> 0 | AA24: =IF($C24="","",COUNTIF($C21:$C24,Z$21)+COUNTIF($C21:$C24,$A$3)) -> 2 | AB24: =IF($D24="","",COUNTIF($D21:$D24,Z$21)+COUNTIF($D21:$D24,$A$3)) -> 1 | AC24: =IF($E24="","",COUNTIF($E21:$E24,Z$21)+COUNTIF($E21:$E24,$A$3)) -> 0 | AD24: =IF($F24="","",COUNTIF($F21:$F24,Z$21)+COUNTIF($F21:$F24,$A$3)) -> 1 | AF24: =IF($B24="","",COUNTIF($B21:$B24,AF$21)+COUNTIF($B21:$B24,$A$3)) -> 0 | AG24: =IF($C24="","",COUNTIF($C21:$C24,AF$21)+COUNTIF($C21:$C24,$A$3)) -> 0 | AH24: =IF($D24="","",COUNTIF($D21:$D24,AF$21)+COUNTIF($D21:$D24,$A$3)) -> 0 | AI24: =IF($E24="","",COUNTIF($E21:$E24,AF$21)+COUNTIF($E21:$E24,$A$3)) -> 0 | AJ24: =IF($F24="","",COUNTIF($F21:$F24,AF$21)+COUNTIF($F21:$F24,$A$3)) -> 1 | AL24: =IF($B24="","",COUNTIF($B21:$B24,AL$21)+COUNTIF($B21:$B24,$A$3)) -> 0 | AM24: =IF($C24="","",COUNTIF($C21:$C24,AL$21)+COUNTIF($C21:$C24,$A$3)) -> 1 | AN24: =IF($D24="","",COUNTIF($D21:$D24,AL$21)+COUNTIF($D21:$D24,$A$3)) -> 0 | AO24: =IF($E24="","",COUNTIF($E21:$E24,AL$21)+COUNTIF($E21:$E24,$A$3)) -> 0 | AP24: =IF($F24="","",COUNTIF($F21:$F24,AL$21)+COUNTIF($F21:$F24,$A$3)) -> 0 | AR24: =IF($B24="","",COUNTIF($B21:$B24,AR$21)+COUNTIF($B21:$B24,$A$3)) -> 0 | AS24: =IF($C24="","",COUNTIF($C21:$C24,AR$21)+COUNTIF($C21:$C24,$A$3)) -> 0 | AT24: =IF($D24="","",COUNTIF($D21:$D24,AR$21)+COUNTIF($D21:$D24,$A$3)) -> 1 | AU24: =IF($E24="","",COUNTIF($E21:$E24,AR$21)+COUNTIF($E21:$E24,$A$3)) -> 0 | AV24: =IF($F24="","",COUNTIF($F21:$F24,AR$21)+COUNTIF($F21:$F24,$A$3)) -> 0 | AX24: =IF($B24="","",COUNTIF($B21:$B24,AX$21)+COUNTIF($B21:$B24,$A$3)) -> 0 | AY24: =IF($C24="","",COUNTIF($C21:$C24,AX$21)+COUNTIF($C21:$C24,$A$3)) -> 0 | AZ24: =IF($D24="","",COUNTIF($D21:$D24,AX$21)+COUNTIF($D21:$D24,$A$3)) -> 1 | BA24: =IF($E24="","",COUNTIF($E21:$E24,AX$21)+COUNTIF($E21:$E24,$A$3)) -> 0 | BB24: =IF($F24="","",COUNTIF($F21:$F24,AX$21)+COUNTIF($F21:$F24,$A$3)) -> 0 | BD24: =IF($B24="","",COUNTIF($B21:$B24,BD$21)+COUNTIF($B21:$B24,$A$3)) -> 0 | BE24: =IF($C24="","",COUNTIF($C21:$C24,BD$21)+COUNTIF($C21:$C24,$A$3)) -> 0 | BF24: =IF($D24="","",COUNTIF($D21:$D24,BD$21)+COUNTIF($D21:$D24,$A$3)) -> 0 | BG24: =IF($E24="","",COUNTIF($E21:$E24,BD$21)+COUNTIF($E21:$E24,$A$3)) -> 0 | BH24: =IF($F24="","",COUNTIF($F21:$F24,BD$21)+COUNTIF($F21:$F24,$A$3)) -> 1 | BJ24: =IF($B24="","",COUNTIF($B21:$B24,BJ$21)+COUNTIF($B21:$B24,$A$3)) -> 2 | BK24: =IF($C24="","",COUNTIF($C21:$C24,BJ$21)+COUNTIF($C21:$C24,$A$3)) -> 0 | BL24: =IF($D24="","",COUNTIF($D21:$D24,BJ$21)+COUNTIF($D21:$D24,$A$3)) -> 0 | BM24: =IF($E24="","",COUNTIF($E21:$E24,BJ$21)+COUNTIF($E21:$E24,$A$3)) -> 1 | BN24: =IF($F24="","",COUNTIF($F21:$F24,BJ$21)+COUNTIF($F21:$F24,$A$3)) -> 1 | BP24: =IF($B24="","",COUNTIF($B21:$B24,BP$21)+COUNTIF($B21:$B24,$A$3)) -> 0 | BQ24: =IF($C24="","",COUNTIF($C21:$C24,BP$21)+COUNTIF($C21:$C24,$A$3)) -> 1 | BR24: =IF($D24="","",COUNTIF($D21:$D24,BP$21)+COUNTIF($D21:$D24,$A$3)) -> 0 | BS24: =IF($E24="","",COUNTIF($E21:$E24,BP$21)+COUNTIF($E21:$E24,$A$3)) -> 1 | BT24: =IF($F24="","",COUNTIF($F21:$F24,BP$21)+COUNTIF($F21:$F24,$A$3)) -> 0
A25: 3 | B25: =IF('Game Info'!J8="","",'Game Info'!J8) -> 9 | C25: =IF('Game Info'!K8="","",'Game Info'!K8) -> SYM2 | D25: =IF('Game Info'!L8="","",'Game Info'!L8) -> 10 | E25: =IF('Game Info'!M8="","",'Game Info'!M8) -> J | F25: =IF('Game Info'!N8="","",'Game Info'!N8) -> Q | H25: =IF($B25="","",COUNTIF($B22:$B25,H$21)+COUNTIF($B22:$B25,$A$3)) -> 0 | I25: =IF($C25="","",COUNTIF($C22:$C25,H$21)+COUNTIF($C22:$C25,$A$3)) -> 0 | J25: =IF($D25="","",COUNTIF($D22:$D25,H$21)+COUNTIF($D22:$D25,$A$3)) -> 1 | K25: =IF($E25="","",COUNTIF($E22:$E25,H$21)+COUNTIF($E22:$E25,$A$3)) -> 1 | L25: =IF($F25="","",COUNTIF($F22:$F25,H$21)+COUNTIF($F22:$F25,$A$3)) -> 0 | N25: =IF($B25="","",COUNTIF($B22:$B25,N$21)+COUNTIF($B22:$B25,$A$3)) -> 1 | O25: =IF($C25="","",COUNTIF($C22:$C25,N$21)+COUNTIF($C22:$C25,$A$3)) -> 1 | P25: =IF($D25="","",COUNTIF($D22:$D25,N$21)+COUNTIF($D22:$D25,$A$3)) -> 0 | Q25: =IF($E25="","",COUNTIF($E22:$E25,N$21)+COUNTIF($E22:$E25,$A$3)) -> 0 | R25: =IF($F25="","",COUNTIF($F22:$F25,N$21)+COUNTIF($F22:$F25,$A$3)) -> 0 | T25: =IF($B25="","",COUNTIF($B22:$B25,T$21)+COUNTIF($B22:$B25,$A$3)) -> 1 | U25: =IF($C25="","",COUNTIF($C22:$C25,T$21)+COUNTIF($C22:$C25,$A$3)) -> 0 | V25: =IF($D25="","",COUNTIF($D22:$D25,T$21)+COUNTIF($D22:$D25,$A$3)) -> 0 | W25: =IF($E25="","",COUNTIF($E22:$E25,T$21)+COUNTIF($E22:$E25,$A$3)) -> 1 | X25: =IF($F25="","",COUNTIF($F22:$F25,T$21)+COUNTIF($F22:$F25,$A$3)) -> 0 | Z25: =IF($B25="","",COUNTIF($B22:$B25,Z$21)+COUNTIF($B22:$B25,$A$3)) -> 0 | AA25: =IF($C25="","",COUNTIF($C22:$C25,Z$21)+COUNTIF($C22:$C25,$A$3)) -> 2 | AB25: =IF($D25="","",COUNTIF($D22:$D25,Z$21)+COUNTIF($D22:$D25,$A$3)) -> 0 | AC25: =IF($E25="","",COUNTIF($E22:$E25,Z$21)+COUNTIF($E22:$E25,$A$3)) -> 0 | AD25: =IF($F25="","",COUNTIF($F22:$F25,Z$21)+COUNTIF($F22:$F25,$A$3)) -> 0 | AF25: =IF($B25="","",COUNTIF($B22:$B25,AF$21)+COUNTIF($B22:$B25,$A$3)) -> 0 | AG25: =IF($C25="","",COUNTIF($C22:$C25,AF$21)+COUNTIF($C22:$C25,$A$3)) -> 0 | AH25: =IF($D25="","",COUNTIF($D22:$D25,AF$21)+COUNTIF($D22:$D25,$A$3)) -> 0 | AI25: =IF($E25="","",COUNTIF($E22:$E25,AF$21)+COUNTIF($E22:$E25,$A$3)) -> 0 | AJ25: =IF($F25="","",COUNTIF($F22:$F25,AF$21)+COUNTIF($F22:$F25,$A$3)) -> 1 | AL25: =IF($B25="","",COUNTIF($B22:$B25,AL$21)+COUNTIF($B22:$B25,$A$3)) -> 0 | AM25: =IF($C25="","",COUNTIF($C22:$C25,AL$21)+COUNTIF($C22:$C25,$A$3)) -> 0 | AN25: =IF($D25="","",COUNTIF($D22:$D25,AL$21)+COUNTIF($D22:$D25,$A$3)) -> 0 | AO25: =IF($E25="","",COUNTIF($E22:$E25,AL$21)+COUNTIF($E22:$E25,$A$3)) -> 0 | AP25: =IF($F25="","",COUNTIF($F22:$F25,AL$21)+COUNTIF($F22:$F25,$A$3)) -> 0 | AR25: =IF($B25="","",COUNTIF($B22:$B25,AR$21)+COUNTIF($B22:$B25,$A$3)) -> 0 | AS25: =IF($C25="","",COUNTIF($C22:$C25,AR$21)+COUNTIF($C22:$C25,$A$3)) -> 0 | AT25: =IF($D25="","",COUNTIF($D22:$D25,AR$21)+COUNTIF($D22:$D25,$A$3)) -> 1 | AU25: =IF($E25="","",COUNTIF($E22:$E25,AR$21)+COUNTIF($E22:$E25,$A$3)) -> 0 | AV25: =IF($F25="","",COUNTIF($F22:$F25,AR$21)+COUNTIF($F22:$F25,$A$3)) -> 0 | AX25: =IF($B25="","",COUNTIF($B22:$B25,AX$21)+COUNTIF($B22:$B25,$A$3)) -> 0 | AY25: =IF($C25="","",COUNTIF($C22:$C25,AX$21)+COUNTIF($C22:$C25,$A$3)) -> 0 | AZ25: =IF($D25="","",COUNTIF($D22:$D25,AX$21)+COUNTIF($D22:$D25,$A$3)) -> 1 | BA25: =IF($E25="","",COUNTIF($E22:$E25,AX$21)+COUNTIF($E22:$E25,$A$3)) -> 0 | BB25: =IF($F25="","",COUNTIF($F22:$F25,AX$21)+COUNTIF($F22:$F25,$A$3)) -> 1 | BD25: =IF($B25="","",COUNTIF($B22:$B25,BD$21)+COUNTIF($B22:$B25,$A$3)) -> 0 | BE25: =IF($C25="","",COUNTIF($C22:$C25,BD$21)+COUNTIF($C22:$C25,$A$3)) -> 0 | BF25: =IF($D25="","",COUNTIF($D22:$D25,BD$21)+COUNTIF($D22:$D25,$A$3)) -> 0 | BG25: =IF($E25="","",COUNTIF($E22:$E25,BD$21)+COUNTIF($E22:$E25,$A$3)) -> 1 | BH25: =IF($F25="","",COUNTIF($F22:$F25,BD$21)+COUNTIF($F22:$F25,$A$3)) -> 1 | BJ25: =IF($B25="","",COUNTIF($B22:$B25,BJ$21)+COUNTIF($B22:$B25,$A$3)) -> 1 | BK25: =IF($C25="","",COUNTIF($C22:$C25,BJ$21)+COUNTIF($C22:$C25,$A$3)) -> 0 | BL25: =IF($D25="","",COUNTIF($D22:$D25,BJ$21)+COUNTIF($D22:$D25,$A$3)) -> 1 | BM25: =IF($E25="","",COUNTIF($E22:$E25,BJ$21)+COUNTIF($E22:$E25,$A$3)) -> 1 | BN25: =IF($F25="","",COUNTIF($F22:$F25,BJ$21)+COUNTIF($F22:$F25,$A$3)) -> 1 | BP25: =IF($B25="","",COUNTIF($B22:$B25,BP$21)+COUNTIF($B22:$B25,$A$3)) -> 1 | BQ25: =IF($C25="","",COUNTIF($C22:$C25,BP$21)+COUNTIF($C22:$C25,$A$3)) -> 1 | BR25: =IF($D25="","",COUNTIF($D22:$D25,BP$21)+COUNTIF($D22:$D25,$A$3)) -> 0 | BS25: =IF($E25="","",COUNTIF($E22:$E25,BP$21)+COUNTIF($E22:$E25,$A$3)) -> 0 | BT25: =IF($F25="","",COUNTIF($F22:$F25,BP$21)+COUNTIF($F22:$F25,$A$3)) -> 0
A26: 4 | B26: =IF('Game Info'!J9="","",'Game Info'!J9) -> SYM2 | C26: =IF('Game Info'!K9="","",'Game Info'!K9) -> J | D26: =IF('Game Info'!L9="","",'Game Info'!L9) -> Q | E26: =IF('Game Info'!M9="","",'Game Info'!M9) -> SYM2 | F26: =IF('Game Info'!N9="","",'Game Info'!N9) -> K | H26: =IF($B26="","",COUNTIF($B23:$B26,H$21)+COUNTIF($B23:$B26,$A$3)) -> 0 | I26: =IF($C26="","",COUNTIF($C23:$C26,H$21)+COUNTIF($C23:$C26,$A$3)) -> 0 | J26: =IF($D26="","",COUNTIF($D23:$D26,H$21)+COUNTIF($D23:$D26,$A$3)) -> 1 | K26: =IF($E26="","",COUNTIF($E23:$E26,H$21)+COUNTIF($E23:$E26,$A$3)) -> 0 | L26: =IF($F26="","",COUNTIF($F23:$F26,H$21)+COUNTIF($F23:$F26,$A$3)) -> 0 | N26: =IF($B26="","",COUNTIF($B23:$B26,N$21)+COUNTIF($B23:$B26,$A$3)) -> 1 | O26: =IF($C26="","",COUNTIF($C23:$C26,N$21)+COUNTIF($C23:$C26,$A$3)) -> 1 | P26: =IF($D26="","",COUNTIF($D23:$D26,N$21)+COUNTIF($D23:$D26,$A$3)) -> 0 | Q26: =IF($E26="","",COUNTIF($E23:$E26,N$21)+COUNTIF($E23:$E26,$A$3)) -> 1 | R26: =IF($F26="","",COUNTIF($F23:$F26,N$21)+COUNTIF($F23:$F26,$A$3)) -> 0 | T26: =IF($B26="","",COUNTIF($B23:$B26,T$21)+COUNTIF($B23:$B26,$A$3)) -> 1 | U26: =IF($C26="","",COUNTIF($C23:$C26,T$21)+COUNTIF($C23:$C26,$A$3)) -> 0 | V26: =IF($D26="","",COUNTIF($D23:$D26,T$21)+COUNTIF($D23:$D26,$A$3)) -> 0 | W26: =IF($E26="","",COUNTIF($E23:$E26,T$21)+COUNTIF($E23:$E26,$A$3)) -> 1 | X26: =IF($F26="","",COUNTIF($F23:$F26,T$21)+COUNTIF($F23:$F26,$A$3)) -> 0 | Z26: =IF($B26="","",COUNTIF($B23:$B26,Z$21)+COUNTIF($B23:$B26,$A$3)) -> 0 | AA26: =IF($C26="","",COUNTIF($C23:$C26,Z$21)+COUNTIF($C23:$C26,$A$3)) -> 1 | AB26: =IF($D26="","",COUNTIF($D23:$D26,Z$21)+COUNTIF($D23:$D26,$A$3)) -> 0 | AC26: =IF($E26="","",COUNTIF($E23:$E26,Z$21)+COUNTIF($E23:$E26,$A$3)) -> 0 | AD26: =IF($F26="","",COUNTIF($F23:$F26,Z$21)+COUNTIF($F23:$F26,$A$3)) -> 0 | AF26: =IF($B26="","",COUNTIF($B23:$B26,AF$21)+COUNTIF($B23:$B26,$A$3)) -> 0 | AG26: =IF($C26="","",COUNTIF($C23:$C26,AF$21)+COUNTIF($C23:$C26,$A$3)) -> 0 | AH26: =IF($D26="","",COUNTIF($D23:$D26,AF$21)+COUNTIF($D23:$D26,$A$3)) -> 0 | AI26: =IF($E26="","",COUNTIF($E23:$E26,AF$21)+COUNTIF($E23:$E26,$A$3)) -> 0 | AJ26: =IF($F26="","",COUNTIF($F23:$F26,AF$21)+COUNTIF($F23:$F26,$A$3)) -> 1 | AL26: =IF($B26="","",COUNTIF($B23:$B26,AL$21)+COUNTIF($B23:$B26,$A$3)) -> 0 | AM26: =IF($C26="","",COUNTIF($C23:$C26,AL$21)+COUNTIF($C23:$C26,$A$3)) -> 0 | AN26: =IF($D26="","",COUNTIF($D23:$D26,AL$21)+COUNTIF($D23:$D26,$A$3)) -> 0 | AO26: =IF($E26="","",COUNTIF($E23:$E26,AL$21)+COUNTIF($E23:$E26,$A$3)) -> 0 | AP26: =IF($F26="","",COUNTIF($F23:$F26,AL$21)+COUNTIF($F23:$F26,$A$3)) -> 0 | AR26: =IF($B26="","",COUNTIF($B23:$B26,AR$21)+COUNTIF($B23:$B26,$A$3)) -> 0 | AS26: =IF($C26="","",COUNTIF($C23:$C26,AR$21)+COUNTIF($C23:$C26,$A$3)) -> 0 | AT26: =IF($D26="","",COUNTIF($D23:$D26,AR$21)+COUNTIF($D23:$D26,$A$3)) -> 1 | AU26: =IF($E26="","",COUNTIF($E23:$E26,AR$21)+COUNTIF($E23:$E26,$A$3)) -> 0 | AV26: =IF($F26="","",COUNTIF($F23:$F26,AR$21)+COUNTIF($F23:$F26,$A$3)) -> 1 | AX26: =IF($B26="","",COUNTIF($B23:$B26,AX$21)+COUNTIF($B23:$B26,$A$3)) -> 0 | AY26: =IF($C26="","",COUNTIF($C23:$C26,AX$21)+COUNTIF($C23:$C26,$A$3)) -> 0 | AZ26: =IF($D26="","",COUNTIF($D23:$D26,AX$21)+COUNTIF($D23:$D26,$A$3)) -> 1 | BA26: =IF($E26="","",COUNTIF($E23:$E26,AX$21)+COUNTIF($E23:$E26,$A$3)) -> 0 | BB26: =IF($F26="","",COUNTIF($F23:$F26,AX$21)+COUNTIF($F23:$F26,$A$3)) -> 1 | BD26: =IF($B26="","",COUNTIF($B23:$B26,BD$21)+COUNTIF($B23:$B26,$A$3)) -> 0 | BE26: =IF($C26="","",COUNTIF($C23:$C26,BD$21)+COUNTIF($C23:$C26,$A$3)) -> 1 | BF26: =IF($D26="","",COUNTIF($D23:$D26,BD$21)+COUNTIF($D23:$D26,$A$3)) -> 0 | BG26: =IF($E26="","",COUNTIF($E23:$E26,BD$21)+COUNTIF($E23:$E26,$A$3)) -> 1 | BH26: =IF($F26="","",COUNTIF($F23:$F26,BD$21)+COUNTIF($F23:$F26,$A$3)) -> 0 | BJ26: =IF($B26="","",COUNTIF($B23:$B26,BJ$21)+COUNTIF($B23:$B26,$A$3)) -> 1 | BK26: =IF($C26="","",COUNTIF($C23:$C26,BJ$21)+COUNTIF($C23:$C26,$A$3)) -> 0 | BL26: =IF($D26="","",COUNTIF($D23:$D26,BJ$21)+COUNTIF($D23:$D26,$A$3)) -> 1 | BM26: =IF($E26="","",COUNTIF($E23:$E26,BJ$21)+COUNTIF($E23:$E26,$A$3)) -> 1 | BN26: =IF($F26="","",COUNTIF($F23:$F26,BJ$21)+COUNTIF($F23:$F26,$A$3)) -> 1 | BP26: =IF($B26="","",COUNTIF($B23:$B26,BP$21)+COUNTIF($B23:$B26,$A$3)) -> 1 | BQ26: =IF($C26="","",COUNTIF($C23:$C26,BP$21)+COUNTIF($C23:$C26,$A$3)) -> 1 | BR26: =IF($D26="","",COUNTIF($D23:$D26,BP$21)+COUNTIF($D23:$D26,$A$3)) -> 0 | BS26: =IF($E26="","",COUNTIF($E23:$E26,BP$21)+COUNTIF($E23:$E26,$A$3)) -> 0 | BT26: =IF($F26="","",COUNTIF($F23:$F26,BP$21)+COUNTIF($F23:$F26,$A$3)) -> 0
A27: 5 | B27: =IF('Game Info'!J10="","",'Game Info'!J10) -> Q | C27: =IF('Game Info'!K10="","",'Game Info'!K10) -> K | D27: =IF('Game Info'!L10="","",'Game Info'!L10) -> SYM5 | E27: =IF('Game Info'!M10="","",'Game Info'!M10) -> SYM2 | F27: =IF('Game Info'!N10="","",'Game Info'!N10) -> J | H27: =IF($B27="","",COUNTIF($B24:$B27,H$21)+COUNTIF($B24:$B27,$A$3)) -> 0 | I27: =IF($C27="","",COUNTIF($C24:$C27,H$21)+COUNTIF($C24:$C27,$A$3)) -> 0 | J27: =IF($D27="","",COUNTIF($D24:$D27,H$21)+COUNTIF($D24:$D27,$A$3)) -> 0 | K27: =IF($E27="","",COUNTIF($E24:$E27,H$21)+COUNTIF($E24:$E27,$A$3)) -> 0 | L27: =IF($F27="","",COUNTIF($F24:$F27,H$21)+COUNTIF($F24:$F27,$A$3)) -> 0 | N27: =IF($B27="","",COUNTIF($B24:$B27,N$21)+COUNTIF($B24:$B27,$A$3)) -> 1 | O27: =IF($C27="","",COUNTIF($C24:$C27,N$21)+COUNTIF($C24:$C27,$A$3)) -> 1 | P27: =IF($D27="","",COUNTIF($D24:$D27,N$21)+COUNTIF($D24:$D27,$A$3)) -> 0 | Q27: =IF($E27="","",COUNTIF($E24:$E27,N$21)+COUNTIF($E24:$E27,$A$3)) -> 2 | R27: =IF($F27="","",COUNTIF($F24:$F27,N$21)+COUNTIF($F24:$F27,$A$3)) -> 0 | T27: =IF($B27="","",COUNTIF($B24:$B27,T$21)+COUNTIF($B24:$B27,$A$3)) -> 1 | U27: =IF($C27="","",COUNTIF($C24:$C27,T$21)+COUNTIF($C24:$C27,$A$3)) -> 0 | V27: =IF($D27="","",COUNTIF($D24:$D27,T$21)+COUNTIF($D24:$D27,$A$3)) -> 0 | W27: =IF($E27="","",COUNTIF($E24:$E27,T$21)+COUNTIF($E24:$E27,$A$3)) -> 1 | X27: =IF($F27="","",COUNTIF($F24:$F27,T$21)+COUNTIF($F24:$F27,$A$3)) -> 0 | Z27: =IF($B27="","",COUNTIF($B24:$B27,Z$21)+COUNTIF($B24:$B27,$A$3)) -> 0 | AA27: =IF($C27="","",COUNTIF($C24:$C27,Z$21)+COUNTIF($C24:$C27,$A$3)) -> 0 | AB27: =IF($D27="","",COUNTIF($D24:$D27,Z$21)+COUNTIF($D24:$D27,$A$3)) -> 0 | AC27: =IF($E27="","",COUNTIF($E24:$E27,Z$21)+COUNTIF($E24:$E27,$A$3)) -> 0 | AD27: =IF($F27="","",COUNTIF($F24:$F27,Z$21)+COUNTIF($F24:$F27,$A$3)) -> 0 | AF27: =IF($B27="","",COUNTIF($B24:$B27,AF$21)+COUNTIF($B24:$B27,$A$3)) -> 0 | AG27: =IF($C27="","",COUNTIF($C24:$C27,AF$21)+COUNTIF($C24:$C27,$A$3)) -> 0 | AH27: =IF($D27="","",COUNTIF($D24:$D27,AF$21)+COUNTIF($D24:$D27,$A$3)) -> 1 | AI27: =IF($E27="","",COUNTIF($E24:$E27,AF$21)+COUNTIF($E24:$E27,$A$3)) -> 0 | AJ27: =IF($F27="","",COUNTIF($F24:$F27,AF$21)+COUNTIF($F24:$F27,$A$3)) -> 1 | AL27: =IF($B27="","",COUNTIF($B24:$B27,AL$21)+COUNTIF($B24:$B27,$A$3)) -> 0 | AM27: =IF($C27="","",COUNTIF($C24:$C27,AL$21)+COUNTIF($C24:$C27,$A$3)) -> 0 | AN27: =IF($D27="","",COUNTIF($D24:$D27,AL$21)+COUNTIF($D24:$D27,$A$3)) -> 0 | AO27: =IF($E27="","",COUNTIF($E24:$E27,AL$21)+COUNTIF($E24:$E27,$A$3)) -> 0 | AP27: =IF($F27="","",COUNTIF($F24:$F27,AL$21)+COUNTIF($F24:$F27,$A$3)) -> 0 | AR27: =IF($B27="","",COUNTIF($B24:$B27,AR$21)+COUNTIF($B24:$B27,$A$3)) -> 0 | AS27: =IF($C27="","",COUNTIF($C24:$C27,AR$21)+COUNTIF($C24:$C27,$A$3)) -> 1 | AT27: =IF($D27="","",COUNTIF($D24:$D27,AR$21)+COUNTIF($D24:$D27,$A$3)) -> 1 | AU27: =IF($E27="","",COUNTIF($E24:$E27,AR$21)+COUNTIF($E24:$E27,$A$3)) -> 0 | AV27: =IF($F27="","",COUNTIF($F24:$F27,AR$21)+COUNTIF($F24:$F27,$A$3)) -> 1 | AX27: =IF($B27="","",COUNTIF($B24:$B27,AX$21)+COUNTIF($B24:$B27,$A$3)) -> 1 | AY27: =IF($C27="","",COUNTIF($C24:$C27,AX$21)+COUNTIF($C24:$C27,$A$3)) -> 0 | AZ27: =IF($D27="","",COUNTIF($D24:$D27,AX$21)+COUNTIF($D24:$D27,$A$3)) -> 1 | BA27: =IF($E27="","",COUNTIF($E24:$E27,AX$21)+COUNTIF($E24:$E27,$A$3)) -> 0 | BB27: =IF($F27="","",COUNTIF($F24:$F27,AX$21)+COUNTIF($F24:$F27,$A$3)) -> 1 | BD27: =IF($B27="","",COUNTIF($B24:$B27,BD$21)+COUNTIF($B24:$B27,$A$3)) -> 0 | BE27: =IF($C27="","",COUNTIF($C24:$C27,BD$21)+COUNTIF($C24:$C27,$A$3)) -> 1 | BF27: =IF($D27="","",COUNTIF($D24:$D27,BD$21)+COUNTIF($D24:$D27,$A$3)) -> 0 | BG27: =IF($E27="","",COUNTIF($E24:$E27,BD$21)+COUNTIF($E24:$E27,$A$3)) -> 1 | BH27: =IF($F27="","",COUNTIF($F24:$F27,BD$21)+COUNTIF($F24:$F27,$A$3)) -> 1 | BJ27: =IF($B27="","",COUNTIF($B24:$B27,BJ$21)+COUNTIF($B24:$B27,$A$3)) -> 0 | BK27: =IF($C27="","",COUNTIF($C24:$C27,BJ$21)+COUNTIF($C24:$C27,$A$3)) -> 0 | BL27: =IF($D27="","",COUNTIF($D24:$D27,BJ$21)+COUNTIF($D24:$D27,$A$3)) -> 1 | BM27: =IF($E27="","",COUNTIF($E24:$E27,BJ$21)+COUNTIF($E24:$E27,$A$3)) -> 0 | BN27: =IF($F27="","",COUNTIF($F24:$F27,BJ$21)+COUNTIF($F24:$F27,$A$3)) -> 0 | BP27: =IF($B27="","",COUNTIF($B24:$B27,BP$21)+COUNTIF($B24:$B27,$A$3)) -> 1 | BQ27: =IF($C27="","",COUNTIF($C24:$C27,BP$21)+COUNTIF($C24:$C27,$A$3)) -> 1 | BR27: =IF($D27="","",COUNTIF($D24:$D27,BP$21)+COUNTIF($D24:$D27,$A$3)) -> 0 | BS27: =IF($E27="","",COUNTIF($E24:$E27,BP$21)+COUNTIF($E24:$E27,$A$3)) -> 0 | BT27: =IF($F27="","",COUNTIF($F24:$F27,BP$21)+COUNTIF($F24:$F27,$A$3)) -> 0
A28: 6 | B28: =IF('Game Info'!J11="","",'Game Info'!J11) -> 10 | C28: =IF('Game Info'!K11="","",'Game Info'!K11) -> SYM1 | D28: =IF('Game Info'!L11="","",'Game Info'!L11) -> J | E28: =IF('Game Info'!M11="","",'Game Info'!M11) -> SYM2 | F28: =IF('Game Info'!N11="","",'Game Info'!N11) -> SYM3 | H28: =IF($B28="","",COUNTIF($B25:$B28,H$21)+COUNTIF($B25:$B28,$A$3)) -> 0 | I28: =IF($C28="","",COUNTIF($C25:$C28,H$21)+COUNTIF($C25:$C28,$A$3)) -> 1 | J28: =IF($D28="","",COUNTIF($D25:$D28,H$21)+COUNTIF($D25:$D28,$A$3)) -> 0 | K28: =IF($E28="","",COUNTIF($E25:$E28,H$21)+COUNTIF($E25:$E28,$A$3)) -> 0 | L28: =IF($F28="","",COUNTIF($F25:$F28,H$21)+COUNTIF($F25:$F28,$A$3)) -> 0 | N28: =IF($B28="","",COUNTIF($B25:$B28,N$21)+COUNTIF($B25:$B28,$A$3)) -> 1 | O28: =IF($C28="","",COUNTIF($C25:$C28,N$21)+COUNTIF($C25:$C28,$A$3)) -> 1 | P28: =IF($D28="","",COUNTIF($D25:$D28,N$21)+COUNTIF($D25:$D28,$A$3)) -> 0 | Q28: =IF($E28="","",COUNTIF($E25:$E28,N$21)+COUNTIF($E25:$E28,$A$3)) -> 3 | R28: =IF($F28="","",COUNTIF($F25:$F28,N$21)+COUNTIF($F25:$F28,$A$3)) -> 0 | T28: =IF($B28="","",COUNTIF($B25:$B28,T$21)+COUNTIF($B25:$B28,$A$3)) -> 0 | U28: =IF($C28="","",COUNTIF($C25:$C28,T$21)+COUNTIF($C25:$C28,$A$3)) -> 0 | V28: =IF($D28="","",COUNTIF($D25:$D28,T$21)+COUNTIF($D25:$D28,$A$3)) -> 0 | W28: =IF($E28="","",COUNTIF($E25:$E28,T$21)+COUNTIF($E25:$E28,$A$3)) -> 0 | X28: =IF($F28="","",COUNTIF($F25:$F28,T$21)+COUNTIF($F25:$F28,$A$3)) -> 1 | Z28: =IF($B28="","",COUNTIF($B25:$B28,Z$21)+COUNTIF($B25:$B28,$A$3)) -> 0 | AA28: =IF($C28="","",COUNTIF($C25:$C28,Z$21)+COUNTIF($C25:$C28,$A$3)) -> 0 | AB28: =IF($D28="","",COUNTIF($D25:$D28,Z$21)+COUNTIF($D25:$D28,$A$3)) -> 0 | AC28: =IF($E28="","",COUNTIF($E25:$E28,Z$21)+COUNTIF($E25:$E28,$A$3)) -> 0 | AD28: =IF($F28="","",COUNTIF($F25:$F28,Z$21)+COUNTIF($F25:$F28,$A$3)) -> 0 | AF28: =IF($B28="","",COUNTIF($B25:$B28,AF$21)+COUNTIF($B25:$B28,$A$3)) -> 0 | AG28: =IF($C28="","",COUNTIF($C25:$C28,AF$21)+COUNTIF($C25:$C28,$A$3)) -> 0 | AH28: =IF($D28="","",COUNTIF($D25:$D28,AF$21)+COUNTIF($D25:$D28,$A$3)) -> 1 | AI28: =IF($E28="","",COUNTIF($E25:$E28,AF$21)+COUNTIF($E25:$E28,$A$3)) -> 0 | AJ28: =IF($F28="","",COUNTIF($F25:$F28,AF$21)+COUNTIF($F25:$F28,$A$3)) -> 0 | AL28: =IF($B28="","",COUNTIF($B25:$B28,AL$21)+COUNTIF($B25:$B28,$A$3)) -> 0 | AM28: =IF($C28="","",COUNTIF($C25:$C28,AL$21)+COUNTIF($C25:$C28,$A$3)) -> 0 | AN28: =IF($D28="","",COUNTIF($D25:$D28,AL$21)+COUNTIF($D25:$D28,$A$3)) -> 0 | AO28: =IF($E28="","",COUNTIF($E25:$E28,AL$21)+COUNTIF($E25:$E28,$A$3)) -> 0 | AP28: =IF($F28="","",COUNTIF($F25:$F28,AL$21)+COUNTIF($F25:$F28,$A$3)) -> 0 | AR28: =IF($B28="","",COUNTIF($B25:$B28,AR$21)+COUNTIF($B25:$B28,$A$3)) -> 0 | AS28: =IF($C28="","",COUNTIF($C25:$C28,AR$21)+COUNTIF($C25:$C28,$A$3)) -> 1 | AT28: =IF($D28="","",COUNTIF($D25:$D28,AR$21)+COUNTIF($D25:$D28,$A$3)) -> 0 | AU28: =IF($E28="","",COUNTIF($E25:$E28,AR$21)+COUNTIF($E25:$E28,$A$3)) -> 0 | AV28: =IF($F28="","",COUNTIF($F25:$F28,AR$21)+COUNTIF($F25:$F28,$A$3)) -> 1 | AX28: =IF($B28="","",COUNTIF($B25:$B28,AX$21)+COUNTIF($B25:$B28,$A$3)) -> 1 | AY28: =IF($C28="","",COUNTIF($C25:$C28,AX$21)+COUNTIF($C25:$C28,$A$3)) -> 0 | AZ28: =IF($D28="","",COUNTIF($D25:$D28,AX$21)+COUNTIF($D25:$D28,$A$3)) -> 1 | BA28: =IF($E28="","",COUNTIF($E25:$E28,AX$21)+COUNTIF($E25:$E28,$A$3)) -> 0 | BB28: =IF($F28="","",COUNTIF($F25:$F28,AX$21)+COUNTIF($F25:$F28,$A$3)) -> 1 | BD28: =IF($B28="","",COUNTIF($B25:$B28,BD$21)+COUNTIF($B25:$B28,$A$3)) -> 0 | BE28: =IF($C28="","",COUNTIF($C25:$C28,BD$21)+COUNTIF($C25:$C28,$A$3)) -> 1 | BF28: =IF($D28="","",COUNTIF($D25:$D28,BD$21)+COUNTIF($D25:$D28,$A$3)) -> 1 | BG28: =IF($E28="","",COUNTIF($E25:$E28,BD$21)+COUNTIF($E25:$E28,$A$3)) -> 1 | BH28: =IF($F28="","",COUNTIF($F25:$F28,BD$21)+COUNTIF($F25:$F28,$A$3)) -> 1 | BJ28: =IF($B28="","",COUNTIF($B25:$B28,BJ$21)+COUNTIF($B25:$B28,$A$3)) -> 1 | BK28: =IF($C28="","",COUNTIF($C25:$C28,BJ$21)+COUNTIF($C25:$C28,$A$3)) -> 0 | BL28: =IF($D28="","",COUNTIF($D25:$D28,BJ$21)+COUNTIF($D25:$D28,$A$3)) -> 1 | BM28: =IF($E28="","",COUNTIF($E25:$E28,BJ$21)+COUNTIF($E25:$E28,$A$3)) -> 0 | BN28: =IF($F28="","",COUNTIF($F25:$F28,BJ$21)+COUNTIF($F25:$F28,$A$3)) -> 0 | BP28: =IF($B28="","",COUNTIF($B25:$B28,BP$21)+COUNTIF($B25:$B28,$A$3)) -> 1 | BQ28: =IF($C28="","",COUNTIF($C25:$C28,BP$21)+COUNTIF($C25:$C28,$A$3)) -> 0 | BR28: =IF($D28="","",COUNTIF($D25:$D28,BP$21)+COUNTIF($D25:$D28,$A$3)) -> 0 | BS28: =IF($E28="","",COUNTIF($E25:$E28,BP$21)+COUNTIF($E25:$E28,$A$3)) -> 0 | BT28: =IF($F28="","",COUNTIF($F25:$F28,BP$21)+COUNTIF($F25:$F28,$A$3)) -> 0
A29: 7 | B29: =IF('Game Info'!J12="","",'Game Info'!J12) -> SYM1 | C29: =IF('Game Info'!K12="","",'Game Info'!K12) -> A | D29: =IF('Game Info'!L12="","",'Game Info'!L12) -> WILD | E29: =IF('Game Info'!M12="","",'Game Info'!M12) -> 9 | F29: =IF('Game Info'!N12="","",'Game Info'!N12) -> 9 | H29: =IF($B29="","",COUNTIF($B26:$B29,H$21)+COUNTIF($B26:$B29,$A$3)) -> 1 | I29: =IF($C29="","",COUNTIF($C26:$C29,H$21)+COUNTIF($C26:$C29,$A$3)) -> 1 | J29: =IF($D29="","",COUNTIF($D26:$D29,H$21)+COUNTIF($D26:$D29,$A$3)) -> 1 | K29: =IF($E29="","",COUNTIF($E26:$E29,H$21)+COUNTIF($E26:$E29,$A$3)) -> 0 | L29: =IF($F29="","",COUNTIF($F26:$F29,H$21)+COUNTIF($F26:$F29,$A$3)) -> 0 | N29: =IF($B29="","",COUNTIF($B26:$B29,N$21)+COUNTIF($B26:$B29,$A$3)) -> 1 | O29: =IF($C29="","",COUNTIF($C26:$C29,N$21)+COUNTIF($C26:$C29,$A$3)) -> 0 | P29: =IF($D29="","",COUNTIF($D26:$D29,N$21)+COUNTIF($D26:$D29,$A$3)) -> 1 | Q29: =IF($E29="","",COUNTIF($E26:$E29,N$21)+COUNTIF($E26:$E29,$A$3)) -> 3 | R29: =IF($F29="","",COUNTIF($F26:$F29,N$21)+COUNTIF($F26:$F29,$A$3)) -> 0 | T29: =IF($B29="","",COUNTIF($B26:$B29,T$21)+COUNTIF($B26:$B29,$A$3)) -> 0 | U29: =IF($C29="","",COUNTIF($C26:$C29,T$21)+COUNTIF($C26:$C29,$A$3)) -> 0 | V29: =IF($D29="","",COUNTIF($D26:$D29,T$21)+COUNTIF($D26:$D29,$A$3)) -> 1 | W29: =IF($E29="","",COUNTIF($E26:$E29,T$21)+COUNTIF($E26:$E29,$A$3)) -> 0 | X29: =IF($F29="","",COUNTIF($F26:$F29,T$21)+COUNTIF($F26:$F29,$A$3)) -> 1 | Z29: =IF($B29="","",COUNTIF($B26:$B29,Z$21)+COUNTIF($B26:$B29,$A$3)) -> 0 | AA29: =IF($C29="","",COUNTIF($C26:$C29,Z$21)+COUNTIF($C26:$C29,$A$3)) -> 0 | AB29: =IF($D29="","",COUNTIF($D26:$D29,Z$21)+COUNTIF($D26:$D29,$A$3)) -> 1 | AC29: =IF($E29="","",COUNTIF($E26:$E29,Z$21)+COUNTIF($E26:$E29,$A$3)) -> 0 | AD29: =IF($F29="","",COUNTIF($F26:$F29,Z$21)+COUNTIF($F26:$F29,$A$3)) -> 0 | AF29: =IF($B29="","",COUNTIF($B26:$B29,AF$21)+COUNTIF($B26:$B29,$A$3)) -> 0 | AG29: =IF($C29="","",COUNTIF($C26:$C29,AF$21)+COUNTIF($C26:$C29,$A$3)) -> 0 | AH29: =IF($D29="","",COUNTIF($D26:$D29,AF$21)+COUNTIF($D26:$D29,$A$3)) -> 2 | AI29: =IF($E29="","",COUNTIF($E26:$E29,AF$21)+COUNTIF($E26:$E29,$A$3)) -> 0 | AJ29: =IF($F29="","",COUNTIF($F26:$F29,AF$21)+COUNTIF($F26:$F29,$A$3)) -> 0 | AL29: =IF($B29="","",COUNTIF($B26:$B29,AL$21)+COUNTIF($B26:$B29,$A$3)) -> 0 | AM29: =IF($C29="","",COUNTIF($C26:$C29,AL$21)+COUNTIF($C26:$C29,$A$3)) -> 1 | AN29: =IF($D29="","",COUNTIF($D26:$D29,AL$21)+COUNTIF($D26:$D29,$A$3)) -> 1 | AO29: =IF($E29="","",COUNTIF($E26:$E29,AL$21)+COUNTIF($E26:$E29,$A$3)) -> 0 | AP29: =IF($F29="","",COUNTIF($F26:$F29,AL$21)+COUNTIF($F26:$F29,$A$3)) -> 0 | AR29: =IF($B29="","",COUNTIF($B26:$B29,AR$21)+COUNTIF($B26:$B29,$A$3)) -> 0 | AS29: =IF($C29="","",COUNTIF($C26:$C29,AR$21)+COUNTIF($C26:$C29,$A$3)) -> 1 | AT29: =IF($D29="","",COUNTIF($D26:$D29,AR$21)+COUNTIF($D26:$D29,$A$3)) -> 1 | AU29: =IF($E29="","",COUNTIF($E26:$E29,AR$21)+COUNTIF($E26:$E29,$A$3)) -> 0 | AV29: =IF($F29="","",COUNTIF($F26:$F29,AR$21)+COUNTIF($F26:$F29,$A$3)) -> 1 | AX29: =IF($B29="","",COUNTIF($B26:$B29,AX$21)+COUNTIF($B26:$B29,$A$3)) -> 1 | AY29: =IF($C29="","",COUNTIF($C26:$C29,AX$21)+COUNTIF($C26:$C29,$A$3)) -> 0 | AZ29: =IF($D29="","",COUNTIF($D26:$D29,AX$21)+COUNTIF($D26:$D29,$A$3)) -> 2 | BA29: =IF($E29="","",COUNTIF($E26:$E29,AX$21)+COUNTIF($E26:$E29,$A$3)) -> 0 | BB29: =IF($F29="","",COUNTIF($F26:$F29,AX$21)+COUNTIF($F26:$F29,$A$3)) -> 0 | BD29: =IF($B29="","",COUNTIF($B26:$B29,BD$21)+COUNTIF($B26:$B29,$A$3)) -> 0 | BE29: =IF($C29="","",COUNTIF($C26:$C29,BD$21)+COUNTIF($C26:$C29,$A$3)) -> 1 | BF29: =IF($D29="","",COUNTIF($D26:$D29,BD$21)+COUNTIF($D26:$D29,$A$3)) -> 2 | BG29: =IF($E29="","",COUNTIF($E26:$E29,BD$21)+COUNTIF($E26:$E29,$A$3)) -> 0 | BH29: =IF($F29="","",COUNTIF($F26:$F29,BD$21)+COUNTIF($F26:$F29,$A$3)) -> 1 | BJ29: =IF($B29="","",COUNTIF($B26:$B29,BJ$21)+COUNTIF($B26:$B29,$A$3)) -> 1 | BK29: =IF($C29="","",COUNTIF($C26:$C29,BJ$21)+COUNTIF($C26:$C29,$A$3)) -> 0 | BL29: =IF($D29="","",COUNTIF($D26:$D29,BJ$21)+COUNTIF($D26:$D29,$A$3)) -> 1 | BM29: =IF($E29="","",COUNTIF($E26:$E29,BJ$21)+COUNTIF($E26:$E29,$A$3)) -> 0 | BN29: =IF($F29="","",COUNTIF($F26:$F29,BJ$21)+COUNTIF($F26:$F29,$A$3)) -> 0 | BP29: =IF($B29="","",COUNTIF($B26:$B29,BP$21)+COUNTIF($B26:$B29,$A$3)) -> 0 | BQ29: =IF($C29="","",COUNTIF($C26:$C29,BP$21)+COUNTIF($C26:$C29,$A$3)) -> 0 | BR29: =IF($D29="","",COUNTIF($D26:$D29,BP$21)+COUNTIF($D26:$D29,$A$3)) -> 1 | BS29: =IF($E29="","",COUNTIF($E26:$E29,BP$21)+COUNTIF($E26:$E29,$A$3)) -> 1 | BT29: =IF($F29="","",COUNTIF($F26:$F29,BP$21)+COUNTIF($F26:$F29,$A$3)) -> 1
A30: 8 | B30: =IF('Game Info'!J13="","",'Game Info'!J13) -> SYM5 | C30: =IF('Game Info'!K13="","",'Game Info'!K13) -> SYM3 | D30: =IF('Game Info'!L13="","",'Game Info'!L13) -> Q | E30: =IF('Game Info'!M13="","",'Game Info'!M13) -> Q | F30: =IF('Game Info'!N13="","",'Game Info'!N13) -> SYM1 | H30: =IF($B30="","",COUNTIF($B27:$B30,H$21)+COUNTIF($B27:$B30,$A$3)) -> 1 | I30: =IF($C30="","",COUNTIF($C27:$C30,H$21)+COUNTIF($C27:$C30,$A$3)) -> 1 | J30: =IF($D30="","",COUNTIF($D27:$D30,H$21)+COUNTIF($D27:$D30,$A$3)) -> 1 | K30: =IF($E30="","",COUNTIF($E27:$E30,H$21)+COUNTIF($E27:$E30,$A$3)) -> 0 | L30: =IF($F30="","",COUNTIF($F27:$F30,H$21)+COUNTIF($F27:$F30,$A$3)) -> 1 | N30: =IF($B30="","",COUNTIF($B27:$B30,N$21)+COUNTIF($B27:$B30,$A$3)) -> 0 | O30: =IF($C30="","",COUNTIF($C27:$C30,N$21)+COUNTIF($C27:$C30,$A$3)) -> 0 | P30: =IF($D30="","",COUNTIF($D27:$D30,N$21)+COUNTIF($D27:$D30,$A$3)) -> 1 | Q30: =IF($E30="","",COUNTIF($E27:$E30,N$21)+COUNTIF($E27:$E30,$A$3)) -> 2 | R30: =IF($F30="","",COUNTIF($F27:$F30,N$21)+COUNTIF($F27:$F30,$A$3)) -> 0 | T30: =IF($B30="","",COUNTIF($B27:$B30,T$21)+COUNTIF($B27:$B30,$A$3)) -> 0 | U30: =IF($C30="","",COUNTIF($C27:$C30,T$21)+COUNTIF($C27:$C30,$A$3)) -> 1 | V30: =IF($D30="","",COUNTIF($D27:$D30,T$21)+COUNTIF($D27:$D30,$A$3)) -> 1 | W30: =IF($E30="","",COUNTIF($E27:$E30,T$21)+COUNTIF($E27:$E30,$A$3)) -> 0 | X30: =IF($F30="","",COUNTIF($F27:$F30,T$21)+COUNTIF($F27:$F30,$A$3)) -> 1 | Z30: =IF($B30="","",COUNTIF($B27:$B30,Z$21)+COUNTIF($B27:$B30,$A$3)) -> 0 | AA30: =IF($C30="","",COUNTIF($C27:$C30,Z$21)+COUNTIF($C27:$C30,$A$3)) -> 0 | AB30: =IF($D30="","",COUNTIF($D27:$D30,Z$21)+COUNTIF($D27:$D30,$A$3)) -> 1 | AC30: =IF($E30="","",COUNTIF($E27:$E30,Z$21)+COUNTIF($E27:$E30,$A$3)) -> 0 | AD30: =IF($F30="","",COUNTIF($F27:$F30,Z$21)+COUNTIF($F27:$F30,$A$3)) -> 0 | AF30: =IF($B30="","",COUNTIF($B27:$B30,AF$21)+COUNTIF($B27:$B30,$A$3)) -> 1 | AG30: =IF($C30="","",COUNTIF($C27:$C30,AF$21)+COUNTIF($C27:$C30,$A$3)) -> 0 | AH30: =IF($D30="","",COUNTIF($D27:$D30,AF$21)+COUNTIF($D27:$D30,$A$3)) -> 2 | AI30: =IF($E30="","",COUNTIF($E27:$E30,AF$21)+COUNTIF($E27:$E30,$A$3)) -> 0 | AJ30: =IF($F30="","",COUNTIF($F27:$F30,AF$21)+COUNTIF($F27:$F30,$A$3)) -> 0 | AL30: =IF($B30="","",COUNTIF($B27:$B30,AL$21)+COUNTIF($B27:$B30,$A$3)) -> 0 | AM30: =IF($C30="","",COUNTIF($C27:$C30,AL$21)+COUNTIF($C27:$C30,$A$3)) -> 1 | AN30: =IF($D30="","",COUNTIF($D27:$D30,AL$21)+COUNTIF($D27:$D30,$A$3)) -> 1 | AO30: =IF($E30="","",COUNTIF($E27:$E30,AL$21)+COUNTIF($E27:$E30,$A$3)) -> 0 | AP30: =IF($F30="","",COUNTIF($F27:$F30,AL$21)+COUNTIF($F27:$F30,$A$3)) -> 0 | AR30: =IF($B30="","",COUNTIF($B27:$B30,AR$21)+COUNTIF($B27:$B30,$A$3)) -> 0 | AS30: =IF($C30="","",COUNTIF($C27:$C30,AR$21)+COUNTIF($C27:$C30,$A$3)) -> 1 | AT30: =IF($D30="","",COUNTIF($D27:$D30,AR$21)+COUNTIF($D27:$D30,$A$3)) -> 1 | AU30: =IF($E30="","",COUNTIF($E27:$E30,AR$21)+COUNTIF($E27:$E30,$A$3)) -> 0 | AV30: =IF($F30="","",COUNTIF($F27:$F30,AR$21)+COUNTIF($F27:$F30,$A$3)) -> 0 | AX30: =IF($B30="","",COUNTIF($B27:$B30,AX$21)+COUNTIF($B27:$B30,$A$3)) -> 1 | AY30: =IF($C30="","",COUNTIF($C27:$C30,AX$21)+COUNTIF($C27:$C30,$A$3)) -> 0 | AZ30: =IF($D30="","",COUNTIF($D27:$D30,AX$21)+COUNTIF($D27:$D30,$A$3)) -> 2 | BA30: =IF($E30="","",COUNTIF($E27:$E30,AX$21)+COUNTIF($E27:$E30,$A$3)) -> 1 | BB30: =IF($F30="","",COUNTIF($F27:$F30,AX$21)+COUNTIF($F27:$F30,$A$3)) -> 0 | BD30: =IF($B30="","",COUNTIF($B27:$B30,BD$21)+COUNTIF($B27:$B30,$A$3)) -> 0 | BE30: =IF($C30="","",COUNTIF($C27:$C30,BD$21)+COUNTIF($C27:$C30,$A$3)) -> 0 | BF30: =IF($D30="","",COUNTIF($D27:$D30,BD$21)+COUNTIF($D27:$D30,$A$3)) -> 2 | BG30: =IF($E30="","",COUNTIF($E27:$E30,BD$21)+COUNTIF($E27:$E30,$A$3)) -> 0 | BH30: =IF($F30="","",COUNTIF($F27:$F30,BD$21)+COUNTIF($F27:$F30,$A$3)) -> 1 | BJ30: =IF($B30="","",COUNTIF($B27:$B30,BJ$21)+COUNTIF($B27:$B30,$A$3)) -> 1 | BK30: =IF($C30="","",COUNTIF($C27:$C30,BJ$21)+COUNTIF($C27:$C30,$A$3)) -> 0 | BL30: =IF($D30="","",COUNTIF($D27:$D30,BJ$21)+COUNTIF($D27:$D30,$A$3)) -> 1 | BM30: =IF($E30="","",COUNTIF($E27:$E30,BJ$21)+COUNTIF($E27:$E30,$A$3)) -> 0 | BN30: =IF($F30="","",COUNTIF($F27:$F30,BJ$21)+COUNTIF($F27:$F30,$A$3)) -> 0 | BP30: =IF($B30="","",COUNTIF($B27:$B30,BP$21)+COUNTIF($B27:$B30,$A$3)) -> 0 | BQ30: =IF($C30="","",COUNTIF($C27:$C30,BP$21)+COUNTIF($C27:$C30,$A$3)) -> 0 | BR30: =IF($D30="","",COUNTIF($D27:$D30,BP$21)+COUNTIF($D27:$D30,$A$3)) -> 1 | BS30: =IF($E30="","",COUNTIF($E27:$E30,BP$21)+COUNTIF($E27:$E30,$A$3)) -> 1 | BT30: =IF($F30="","",COUNTIF($F27:$F30,BP$21)+COUNTIF($F27:$F30,$A$3)) -> 1
A31: 9 | B31: =IF('Game Info'!J14="","",'Game Info'!J14) -> FG | C31: =IF('Game Info'!K14="","",'Game Info'!K14) -> 10 | D31: =IF('Game Info'!L14="","",'Game Info'!L14) -> SYM5 | E31: =IF('Game Info'!M14="","",'Game Info'!M14) -> SYM5 | F31: =IF('Game Info'!N14="","",'Game Info'!N14) -> Q | H31: =IF($B31="","",COUNTIF($B28:$B31,H$21)+COUNTIF($B28:$B31,$A$3)) -> 1 | I31: =IF($C31="","",COUNTIF($C28:$C31,H$21)+COUNTIF($C28:$C31,$A$3)) -> 1 | J31: =IF($D31="","",COUNTIF($D28:$D31,H$21)+COUNTIF($D28:$D31,$A$3)) -> 1 | K31: =IF($E31="","",COUNTIF($E28:$E31,H$21)+COUNTIF($E28:$E31,$A$3)) -> 0 | L31: =IF($F31="","",COUNTIF($F28:$F31,H$21)+COUNTIF($F28:$F31,$A$3)) -> 1 | N31: =IF($B31="","",COUNTIF($B28:$B31,N$21)+COUNTIF($B28:$B31,$A$3)) -> 0 | O31: =IF($C31="","",COUNTIF($C28:$C31,N$21)+COUNTIF($C28:$C31,$A$3)) -> 0 | P31: =IF($D31="","",COUNTIF($D28:$D31,N$21)+COUNTIF($D28:$D31,$A$3)) -> 1 | Q31: =IF($E31="","",COUNTIF($E28:$E31,N$21)+COUNTIF($E28:$E31,$A$3)) -> 1 | R31: =IF($F31="","",COUNTIF($F28:$F31,N$21)+COUNTIF($F28:$F31,$A$3)) -> 0 | T31: =IF($B31="","",COUNTIF($B28:$B31,T$21)+COUNTIF($B28:$B31,$A$3)) -> 0 | U31: =IF($C31="","",COUNTIF($C28:$C31,T$21)+COUNTIF($C28:$C31,$A$3)) -> 1 | V31: =IF($D31="","",COUNTIF($D28:$D31,T$21)+COUNTIF($D28:$D31,$A$3)) -> 1 | W31: =IF($E31="","",COUNTIF($E28:$E31,T$21)+COUNTIF($E28:$E31,$A$3)) -> 0 | X31: =IF($F31="","",COUNTIF($F28:$F31,T$21)+COUNTIF($F28:$F31,$A$3)) -> 1 | Z31: =IF($B31="","",COUNTIF($B28:$B31,Z$21)+COUNTIF($B28:$B31,$A$3)) -> 0 | AA31: =IF($C31="","",COUNTIF($C28:$C31,Z$21)+COUNTIF($C28:$C31,$A$3)) -> 0 | AB31: =IF($D31="","",COUNTIF($D28:$D31,Z$21)+COUNTIF($D28:$D31,$A$3)) -> 1 | AC31: =IF($E31="","",COUNTIF($E28:$E31,Z$21)+COUNTIF($E28:$E31,$A$3)) -> 0 | AD31: =IF($F31="","",COUNTIF($F28:$F31,Z$21)+COUNTIF($F28:$F31,$A$3)) -> 0 | AF31: =IF($B31="","",COUNTIF($B28:$B31,AF$21)+COUNTIF($B28:$B31,$A$3)) -> 1 | AG31: =IF($C31="","",COUNTIF($C28:$C31,AF$21)+COUNTIF($C28:$C31,$A$3)) -> 0 | AH31: =IF($D31="","",COUNTIF($D28:$D31,AF$21)+COUNTIF($D28:$D31,$A$3)) -> 2 | AI31: =IF($E31="","",COUNTIF($E28:$E31,AF$21)+COUNTIF($E28:$E31,$A$3)) -> 1 | AJ31: =IF($F31="","",COUNTIF($F28:$F31,AF$21)+COUNTIF($F28:$F31,$A$3)) -> 0 | AL31: =IF($B31="","",COUNTIF($B28:$B31,AL$21)+COUNTIF($B28:$B31,$A$3)) -> 0 | AM31: =IF($C31="","",COUNTIF($C28:$C31,AL$21)+COUNTIF($C28:$C31,$A$3)) -> 1 | AN31: =IF($D31="","",COUNTIF($D28:$D31,AL$21)+COUNTIF($D28:$D31,$A$3)) -> 1 | AO31: =IF($E31="","",COUNTIF($E28:$E31,AL$21)+COUNTIF($E28:$E31,$A$3)) -> 0 | AP31: =IF($F31="","",COUNTIF($F28:$F31,AL$21)+COUNTIF($F28:$F31,$A$3)) -> 0 | AR31: =IF($B31="","",COUNTIF($B28:$B31,AR$21)+COUNTIF($B28:$B31,$A$3)) -> 0 | AS31: =IF($C31="","",COUNTIF($C28:$C31,AR$21)+COUNTIF($C28:$C31,$A$3)) -> 0 | AT31: =IF($D31="","",COUNTIF($D28:$D31,AR$21)+COUNTIF($D28:$D31,$A$3)) -> 1 | AU31: =IF($E31="","",COUNTIF($E28:$E31,AR$21)+COUNTIF($E28:$E31,$A$3)) -> 0 | AV31: =IF($F31="","",COUNTIF($F28:$F31,AR$21)+COUNTIF($F28:$F31,$A$3)) -> 0 | AX31: =IF($B31="","",COUNTIF($B28:$B31,AX$21)+COUNTIF($B28:$B31,$A$3)) -> 0 | AY31: =IF($C31="","",COUNTIF($C28:$C31,AX$21)+COUNTIF($C28:$C31,$A$3)) -> 0 | AZ31: =IF($D31="","",COUNTIF($D28:$D31,AX$21)+COUNTIF($D28:$D31,$A$3)) -> 2 | BA31: =IF($E31="","",COUNTIF($E28:$E31,AX$21)+COUNTIF($E28:$E31,$A$3)) -> 1 | BB31: =IF($F31="","",COUNTIF($F28:$F31,AX$21)+COUNTIF($F28:$F31,$A$3)) -> 1 | BD31: =IF($B31="","",COUNTIF($B28:$B31,BD$21)+COUNTIF($B28:$B31,$A$3)) -> 0 | BE31: =IF($C31="","",COUNTIF($C28:$C31,BD$21)+COUNTIF($C28:$C31,$A$3)) -> 0 | BF31: =IF($D31="","",COUNTIF($D28:$D31,BD$21)+COUNTIF($D28:$D31,$A$3)) -> 2 | BG31: =IF($E31="","",COUNTIF($E28:$E31,BD$21)+COUNTIF($E28:$E31,$A$3)) -> 0 | BH31: =IF($F31="","",COUNTIF($F28:$F31,BD$21)+COUNTIF($F28:$F31,$A$3)) -> 0 | BJ31: =IF($B31="","",COUNTIF($B28:$B31,BJ$21)+COUNTIF($B28:$B31,$A$3)) -> 1 | BK31: =IF($C31="","",COUNTIF($C28:$C31,BJ$21)+COUNTIF($C28:$C31,$A$3)) -> 1 | BL31: =IF($D31="","",COUNTIF($D28:$D31,BJ$21)+COUNTIF($D28:$D31,$A$3)) -> 1 | BM31: =IF($E31="","",COUNTIF($E28:$E31,BJ$21)+COUNTIF($E28:$E31,$A$3)) -> 0 | BN31: =IF($F31="","",COUNTIF($F28:$F31,BJ$21)+COUNTIF($F28:$F31,$A$3)) -> 0 | BP31: =IF($B31="","",COUNTIF($B28:$B31,BP$21)+COUNTIF($B28:$B31,$A$3)) -> 0 | BQ31: =IF($C31="","",COUNTIF($C28:$C31,BP$21)+COUNTIF($C28:$C31,$A$3)) -> 0 | BR31: =IF($D31="","",COUNTIF($D28:$D31,BP$21)+COUNTIF($D28:$D31,$A$3)) -> 1 | BS31: =IF($E31="","",COUNTIF($E28:$E31,BP$21)+COUNTIF($E28:$E31,$A$3)) -> 1 | BT31: =IF($F31="","",COUNTIF($F28:$F31,BP$21)+COUNTIF($F28:$F31,$A$3)) -> 1
A32: 10 | B32: =IF('Game Info'!J15="","",'Game Info'!J15) -> A | C32: =IF('Game Info'!K15="","",'Game Info'!K15) -> SYM4 | D32: =IF('Game Info'!L15="","",'Game Info'!L15) -> K | E32: =IF('Game Info'!M15="","",'Game Info'!M15) -> 9 | F32: =IF('Game Info'!N15="","",'Game Info'!N15) -> 9 | H32: =IF($B32="","",COUNTIF($B29:$B32,H$21)+COUNTIF($B29:$B32,$A$3)) -> 1 | I32: =IF($C32="","",COUNTIF($C29:$C32,H$21)+COUNTIF($C29:$C32,$A$3)) -> 0 | J32: =IF($D32="","",COUNTIF($D29:$D32,H$21)+COUNTIF($D29:$D32,$A$3)) -> 1 | K32: =IF($E32="","",COUNTIF($E29:$E32,H$21)+COUNTIF($E29:$E32,$A$3)) -> 0 | L32: =IF($F32="","",COUNTIF($F29:$F32,H$21)+COUNTIF($F29:$F32,$A$3)) -> 1 | N32: =IF($B32="","",COUNTIF($B29:$B32,N$21)+COUNTIF($B29:$B32,$A$3)) -> 0 | O32: =IF($C32="","",COUNTIF($C29:$C32,N$21)+COUNTIF($C29:$C32,$A$3)) -> 0 | P32: =IF($D32="","",COUNTIF($D29:$D32,N$21)+COUNTIF($D29:$D32,$A$3)) -> 1 | Q32: =IF($E32="","",COUNTIF($E29:$E32,N$21)+COUNTIF($E29:$E32,$A$3)) -> 0 | R32: =IF($F32="","",COUNTIF($F29:$F32,N$21)+COUNTIF($F29:$F32,$A$3)) -> 0 | T32: =IF($B32="","",COUNTIF($B29:$B32,T$21)+COUNTIF($B29:$B32,$A$3)) -> 0 | U32: =IF($C32="","",COUNTIF($C29:$C32,T$21)+COUNTIF($C29:$C32,$A$3)) -> 1 | V32: =IF($D32="","",COUNTIF($D29:$D32,T$21)+COUNTIF($D29:$D32,$A$3)) -> 1 | W32: =IF($E32="","",COUNTIF($E29:$E32,T$21)+COUNTIF($E29:$E32,$A$3)) -> 0 | X32: =IF($F32="","",COUNTIF($F29:$F32,T$21)+COUNTIF($F29:$F32,$A$3)) -> 0 | Z32: =IF($B32="","",COUNTIF($B29:$B32,Z$21)+COUNTIF($B29:$B32,$A$3)) -> 0 | AA32: =IF($C32="","",COUNTIF($C29:$C32,Z$21)+COUNTIF($C29:$C32,$A$3)) -> 1 | AB32: =IF($D32="","",COUNTIF($D29:$D32,Z$21)+COUNTIF($D29:$D32,$A$3)) -> 1 | AC32: =IF($E32="","",COUNTIF($E29:$E32,Z$21)+COUNTIF($E29:$E32,$A$3)) -> 0 | AD32: =IF($F32="","",COUNTIF($F29:$F32,Z$21)+COUNTIF($F29:$F32,$A$3)) -> 0 | AF32: =IF($B32="","",COUNTIF($B29:$B32,AF$21)+COUNTIF($B29:$B32,$A$3)) -> 1 | AG32: =IF($C32="","",COUNTIF($C29:$C32,AF$21)+COUNTIF($C29:$C32,$A$3)) -> 0 | AH32: =IF($D32="","",COUNTIF($D29:$D32,AF$21)+COUNTIF($D29:$D32,$A$3)) -> 2 | AI32: =IF($E32="","",COUNTIF($E29:$E32,AF$21)+COUNTIF($E29:$E32,$A$3)) -> 1 | AJ32: =IF($F32="","",COUNTIF($F29:$F32,AF$21)+COUNTIF($F29:$F32,$A$3)) -> 0 | AL32: =IF($B32="","",COUNTIF($B29:$B32,AL$21)+COUNTIF($B29:$B32,$A$3)) -> 1 | AM32: =IF($C32="","",COUNTIF($C29:$C32,AL$21)+COUNTIF($C29:$C32,$A$3)) -> 1 | AN32: =IF($D32="","",COUNTIF($D29:$D32,AL$21)+COUNTIF($D29:$D32,$A$3)) -> 1 | AO32: =IF($E32="","",COUNTIF($E29:$E32,AL$21)+COUNTIF($E29:$E32,$A$3)) -> 0 | AP32: =IF($F32="","",COUNTIF($F29:$F32,AL$21)+COUNTIF($F29:$F32,$A$3)) -> 0 | AR32: =IF($B32="","",COUNTIF($B29:$B32,AR$21)+COUNTIF($B29:$B32,$A$3)) -> 0 | AS32: =IF($C32="","",COUNTIF($C29:$C32,AR$21)+COUNTIF($C29:$C32,$A$3)) -> 0 | AT32: =IF($D32="","",COUNTIF($D29:$D32,AR$21)+COUNTIF($D29:$D32,$A$3)) -> 2 | AU32: =IF($E32="","",COUNTIF($E29:$E32,AR$21)+COUNTIF($E29:$E32,$A$3)) -> 0 | AV32: =IF($F32="","",COUNTIF($F29:$F32,AR$21)+COUNTIF($F29:$F32,$A$3)) -> 0 | AX32: =IF($B32="","",COUNTIF($B29:$B32,AX$21)+COUNTIF($B29:$B32,$A$3)) -> 0 | AY32: =IF($C32="","",COUNTIF($C29:$C32,AX$21)+COUNTIF($C29:$C32,$A$3)) -> 0 | AZ32: =IF($D32="","",COUNTIF($D29:$D32,AX$21)+COUNTIF($D29:$D32,$A$3)) -> 2 | BA32: =IF($E32="","",COUNTIF($E29:$E32,AX$21)+COUNTIF($E29:$E32,$A$3)) -> 1 | BB32: =IF($F32="","",COUNTIF($F29:$F32,AX$21)+COUNTIF($F29:$F32,$A$3)) -> 1 | BD32: =IF($B32="","",COUNTIF($B29:$B32,BD$21)+COUNTIF($B29:$B32,$A$3)) -> 0 | BE32: =IF($C32="","",COUNTIF($C29:$C32,BD$21)+COUNTIF($C29:$C32,$A$3)) -> 0 | BF32: =IF($D32="","",COUNTIF($D29:$D32,BD$21)+COUNTIF($D29:$D32,$A$3)) -> 1 | BG32: =IF($E32="","",COUNTIF($E29:$E32,BD$21)+COUNTIF($E29:$E32,$A$3)) -> 0 | BH32: =IF($F32="","",COUNTIF($F29:$F32,BD$21)+COUNTIF($F29:$F32,$A$3)) -> 0 | BJ32: =IF($B32="","",COUNTIF($B29:$B32,BJ$21)+COUNTIF($B29:$B32,$A$3)) -> 0 | BK32: =IF($C32="","",COUNTIF($C29:$C32,BJ$21)+COUNTIF($C29:$C32,$A$3)) -> 1 | BL32: =IF($D32="","",COUNTIF($D29:$D32,BJ$21)+COUNTIF($D29:$D32,$A$3)) -> 1 | BM32: =IF($E32="","",COUNTIF($E29:$E32,BJ$21)+COUNTIF($E29:$E32,$A$3)) -> 0 | BN32: =IF($F32="","",COUNTIF($F29:$F32,BJ$21)+COUNTIF($F29:$F32,$A$3)) -> 0 | BP32: =IF($B32="","",COUNTIF($B29:$B32,BP$21)+COUNTIF($B29:$B32,$A$3)) -> 0 | BQ32: =IF($C32="","",COUNTIF($C29:$C32,BP$21)+COUNTIF($C29:$C32,$A$3)) -> 0 | BR32: =IF($D32="","",COUNTIF($D29:$D32,BP$21)+COUNTIF($D29:$D32,$A$3)) -> 1 | BS32: =IF($E32="","",COUNTIF($E29:$E32,BP$21)+COUNTIF($E29:$E32,$A$3)) -> 2 | BT32: =IF($F32="","",COUNTIF($F29:$F32,BP$21)+COUNTIF($F29:$F32,$A$3)) -> 2
A33: 11 | B33: =IF('Game Info'!J16="","",'Game Info'!J16) -> K | C33: =IF('Game Info'!K16="","",'Game Info'!K16) -> K | D33: =IF('Game Info'!L16="","",'Game Info'!L16) -> FG | E33: =IF('Game Info'!M16="","",'Game Info'!M16) -> WILD | F33: =IF('Game Info'!N16="","",'Game Info'!N16) -> SYM2 | H33: =IF($B33="","",COUNTIF($B30:$B33,H$21)+COUNTIF($B30:$B33,$A$3)) -> 0 | I33: =IF($C33="","",COUNTIF($C30:$C33,H$21)+COUNTIF($C30:$C33,$A$3)) -> 0 | J33: =IF($D33="","",COUNTIF($D30:$D33,H$21)+COUNTIF($D30:$D33,$A$3)) -> 0 | K33: =IF($E33="","",COUNTIF($E30:$E33,H$21)+COUNTIF($E30:$E33,$A$3)) -> 1 | L33: =IF($F33="","",COUNTIF($F30:$F33,H$21)+COUNTIF($F30:$F33,$A$3)) -> 1 | N33: =IF($B33="","",COUNTIF($B30:$B33,N$21)+COUNTIF($B30:$B33,$A$3)) -> 0 | O33: =IF($C33="","",COUNTIF($C30:$C33,N$21)+COUNTIF($C30:$C33,$A$3)) -> 0 | P33: =IF($D33="","",COUNTIF($D30:$D33,N$21)+COUNTIF($D30:$D33,$A$3)) -> 0 | Q33: =IF($E33="","",COUNTIF($E30:$E33,N$21)+COUNTIF($E30:$E33,$A$3)) -> 1 | R33: =IF($F33="","",COUNTIF($F30:$F33,N$21)+COUNTIF($F30:$F33,$A$3)) -> 1 | T33: =IF($B33="","",COUNTIF($B30:$B33,T$21)+COUNTIF($B30:$B33,$A$3)) -> 0 | U33: =IF($C33="","",COUNTIF($C30:$C33,T$21)+COUNTIF($C30:$C33,$A$3)) -> 1 | V33: =IF($D33="","",COUNTIF($D30:$D33,T$21)+COUNTIF($D30:$D33,$A$3)) -> 0 | W33: =IF($E33="","",COUNTIF($E30:$E33,T$21)+COUNTIF($E30:$E33,$A$3)) -> 1 | X33: =IF($F33="","",COUNTIF($F30:$F33,T$21)+COUNTIF($F30:$F33,$A$3)) -> 0 | Z33: =IF($B33="","",COUNTIF($B30:$B33,Z$21)+COUNTIF($B30:$B33,$A$3)) -> 0 | AA33: =IF($C33="","",COUNTIF($C30:$C33,Z$21)+COUNTIF($C30:$C33,$A$3)) -> 1 | AB33: =IF($D33="","",COUNTIF($D30:$D33,Z$21)+COUNTIF($D30:$D33,$A$3)) -> 0 | AC33: =IF($E33="","",COUNTIF($E30:$E33,Z$21)+COUNTIF($E30:$E33,$A$3)) -> 1 | AD33: =IF($F33="","",COUNTIF($F30:$F33,Z$21)+COUNTIF($F30:$F33,$A$3)) -> 0 | AF33: =IF($B33="","",COUNTIF($B30:$B33,AF$21)+COUNTIF($B30:$B33,$A$3)) -> 1 | AG33: =IF($C33="","",COUNTIF($C30:$C33,AF$21)+COUNTIF($C30:$C33,$A$3)) -> 0 | AH33: =IF($D33="","",COUNTIF($D30:$D33,AF$21)+COUNTIF($D30:$D33,$A$3)) -> 1 | AI33: =IF($E33="","",COUNTIF($E30:$E33,AF$21)+COUNTIF($E30:$E33,$A$3)) -> 2 | AJ33: =IF($F33="","",COUNTIF($F30:$F33,AF$21)+COUNTIF($F30:$F33,$A$3)) -> 0 | AL33: =IF($B33="","",COUNTIF($B30:$B33,AL$21)+COUNTIF($B30:$B33,$A$3)) -> 1 | AM33: =IF($C33="","",COUNTIF($C30:$C33,AL$21)+COUNTIF($C30:$C33,$A$3)) -> 0 | AN33: =IF($D33="","",COUNTIF($D30:$D33,AL$21)+COUNTIF($D30:$D33,$A$3)) -> 0 | AO33: =IF($E33="","",COUNTIF($E30:$E33,AL$21)+COUNTIF($E30:$E33,$A$3)) -> 1 | AP33: =IF($F33="","",COUNTIF($F30:$F33,AL$21)+COUNTIF($F30:$F33,$A$3)) -> 0 | AR33: =IF($B33="","",COUNTIF($B30:$B33,AR$21)+COUNTIF($B30:$B33,$A$3)) -> 1 | AS33: =IF($C33="","",COUNTIF($C30:$C33,AR$21)+COUNTIF($C30:$C33,$A$3)) -> 1 | AT33: =IF($D33="","",COUNTIF($D30:$D33,AR$21)+COUNTIF($D30:$D33,$A$3)) -> 1 | AU33: =IF($E33="","",COUNTIF($E30:$E33,AR$21)+COUNTIF($E30:$E33,$A$3)) -> 1 | AV33: =IF($F33="","",COUNTIF($F30:$F33,AR$21)+COUNTIF($F30:$F33,$A$3)) -> 0 | AX33: =IF($B33="","",COUNTIF($B30:$B33,AX$21)+COUNTIF($B30:$B33,$A$3)) -> 0 | AY33: =IF($C33="","",COUNTIF($C30:$C33,AX$21)+COUNTIF($C30:$C33,$A$3)) -> 0 | AZ33: =IF($D33="","",COUNTIF($D30:$D33,AX$21)+COUNTIF($D30:$D33,$A$3)) -> 1 | BA33: =IF($E33="","",COUNTIF($E30:$E33,AX$21)+COUNTIF($E30:$E33,$A$3)) -> 2 | BB33: =IF($F33="","",COUNTIF($F30:$F33,AX$21)+COUNTIF($F30:$F33,$A$3)) -> 1 | BD33: =IF($B33="","",COUNTIF($B30:$B33,BD$21)+COUNTIF($B30:$B33,$A$3)) -> 0 | BE33: =IF($C33="","",COUNTIF($C30:$C33,BD$21)+COUNTIF($C30:$C33,$A$3)) -> 0 | BF33: =IF($D33="","",COUNTIF($D30:$D33,BD$21)+COUNTIF($D30:$D33,$A$3)) -> 0 | BG33: =IF($E33="","",COUNTIF($E30:$E33,BD$21)+COUNTIF($E30:$E33,$A$3)) -> 1 | BH33: =IF($F33="","",COUNTIF($F30:$F33,BD$21)+COUNTIF($F30:$F33,$A$3)) -> 0 | BJ33: =IF($B33="","",COUNTIF($B30:$B33,BJ$21)+COUNTIF($B30:$B33,$A$3)) -> 0 | BK33: =IF($C33="","",COUNTIF($C30:$C33,BJ$21)+COUNTIF($C30:$C33,$A$3)) -> 1 | BL33: =IF($D33="","",COUNTIF($D30:$D33,BJ$21)+COUNTIF($D30:$D33,$A$3)) -> 0 | BM33: =IF($E33="","",COUNTIF($E30:$E33,BJ$21)+COUNTIF($E30:$E33,$A$3)) -> 1 | BN33: =IF($F33="","",COUNTIF($F30:$F33,BJ$21)+COUNTIF($F30:$F33,$A$3)) -> 0 | BP33: =IF($B33="","",COUNTIF($B30:$B33,BP$21)+COUNTIF($B30:$B33,$A$3)) -> 0 | BQ33: =IF($C33="","",COUNTIF($C30:$C33,BP$21)+COUNTIF($C30:$C33,$A$3)) -> 0 | BR33: =IF($D33="","",COUNTIF($D30:$D33,BP$21)+COUNTIF($D30:$D33,$A$3)) -> 0 | BS33: =IF($E33="","",COUNTIF($E30:$E33,BP$21)+COUNTIF($E30:$E33,$A$3)) -> 2 | BT33: =IF($F33="","",COUNTIF($F30:$F33,BP$21)+COUNTIF($F30:$F33,$A$3)) -> 1
A34: 12 | B34: =IF('Game Info'!J17="","",'Game Info'!J17) -> SYM4 | C34: =IF('Game Info'!K17="","",'Game Info'!K17) -> SYM3 | D34: =IF('Game Info'!L17="","",'Game Info'!L17) -> 10 | E34: =IF('Game Info'!M17="","",'Game Info'!M17) -> A | F34: =IF('Game Info'!N17="","",'Game Info'!N17) -> J | H34: =IF($B34="","",COUNTIF($B31:$B34,H$21)+COUNTIF($B31:$B34,$A$3)) -> 0 | I34: =IF($C34="","",COUNTIF($C31:$C34,H$21)+COUNTIF($C31:$C34,$A$3)) -> 0 | J34: =IF($D34="","",COUNTIF($D31:$D34,H$21)+COUNTIF($D31:$D34,$A$3)) -> 0 | K34: =IF($E34="","",COUNTIF($E31:$E34,H$21)+COUNTIF($E31:$E34,$A$3)) -> 1 | L34: =IF($F34="","",COUNTIF($F31:$F34,H$21)+COUNTIF($F31:$F34,$A$3)) -> 0 | N34: =IF($B34="","",COUNTIF($B31:$B34,N$21)+COUNTIF($B31:$B34,$A$3)) -> 0 | O34: =IF($C34="","",COUNTIF($C31:$C34,N$21)+COUNTIF($C31:$C34,$A$3)) -> 0 | P34: =IF($D34="","",COUNTIF($D31:$D34,N$21)+COUNTIF($D31:$D34,$A$3)) -> 0 | Q34: =IF($E34="","",COUNTIF($E31:$E34,N$21)+COUNTIF($E31:$E34,$A$3)) -> 1 | R34: =IF($F34="","",COUNTIF($F31:$F34,N$21)+COUNTIF($F31:$F34,$A$3)) -> 1 | T34: =IF($B34="","",COUNTIF($B31:$B34,T$21)+COUNTIF($B31:$B34,$A$3)) -> 0 | U34: =IF($C34="","",COUNTIF($C31:$C34,T$21)+COUNTIF($C31:$C34,$A$3)) -> 1 | V34: =IF($D34="","",COUNTIF($D31:$D34,T$21)+COUNTIF($D31:$D34,$A$3)) -> 0 | W34: =IF($E34="","",COUNTIF($E31:$E34,T$21)+COUNTIF($E31:$E34,$A$3)) -> 1 | X34: =IF($F34="","",COUNTIF($F31:$F34,T$21)+COUNTIF($F31:$F34,$A$3)) -> 0 | Z34: =IF($B34="","",COUNTIF($B31:$B34,Z$21)+COUNTIF($B31:$B34,$A$3)) -> 1 | AA34: =IF($C34="","",COUNTIF($C31:$C34,Z$21)+COUNTIF($C31:$C34,$A$3)) -> 1 | AB34: =IF($D34="","",COUNTIF($D31:$D34,Z$21)+COUNTIF($D31:$D34,$A$3)) -> 0 | AC34: =IF($E34="","",COUNTIF($E31:$E34,Z$21)+COUNTIF($E31:$E34,$A$3)) -> 1 | AD34: =IF($F34="","",COUNTIF($F31:$F34,Z$21)+COUNTIF($F31:$F34,$A$3)) -> 0 | AF34: =IF($B34="","",COUNTIF($B31:$B34,AF$21)+COUNTIF($B31:$B34,$A$3)) -> 0 | AG34: =IF($C34="","",COUNTIF($C31:$C34,AF$21)+COUNTIF($C31:$C34,$A$3)) -> 0 | AH34: =IF($D34="","",COUNTIF($D31:$D34,AF$21)+COUNTIF($D31:$D34,$A$3)) -> 1 | AI34: =IF($E34="","",COUNTIF($E31:$E34,AF$21)+COUNTIF($E31:$E34,$A$3)) -> 2 | AJ34: =IF($F34="","",COUNTIF($F31:$F34,AF$21)+COUNTIF($F31:$F34,$A$3)) -> 0 | AL34: =IF($B34="","",COUNTIF($B31:$B34,AL$21)+COUNTIF($B31:$B34,$A$3)) -> 1 | AM34: =IF($C34="","",COUNTIF($C31:$C34,AL$21)+COUNTIF($C31:$C34,$A$3)) -> 0 | AN34: =IF($D34="","",COUNTIF($D31:$D34,AL$21)+COUNTIF($D31:$D34,$A$3)) -> 0 | AO34: =IF($E34="","",COUNTIF($E31:$E34,AL$21)+COUNTIF($E31:$E34,$A$3)) -> 2 | AP34: =IF($F34="","",COUNTIF($F31:$F34,AL$21)+COUNTIF($F31:$F34,$A$3)) -> 0 | AR34: =IF($B34="","",COUNTIF($B31:$B34,AR$21)+COUNTIF($B31:$B34,$A$3)) -> 1 | AS34: =IF($C34="","",COUNTIF($C31:$C34,AR$21)+COUNTIF($C31:$C34,$A$3)) -> 1 | AT34: =IF($D34="","",COUNTIF($D31:$D34,AR$21)+COUNTIF($D31:$D34,$A$3)) -> 1 | AU34: =IF($E34="","",COUNTIF($E31:$E34,AR$21)+COUNTIF($E31:$E34,$A$3)) -> 1 | AV34: =IF($F34="","",COUNTIF($F31:$F34,AR$21)+COUNTIF($F31:$F34,$A$3)) -> 0 | AX34: =IF($B34="","",COUNTIF($B31:$B34,AX$21)+COUNTIF($B31:$B34,$A$3)) -> 0 | AY34: =IF($C34="","",COUNTIF($C31:$C34,AX$21)+COUNTIF($C31:$C34,$A$3)) -> 0 | AZ34: =IF($D34="","",COUNTIF($D31:$D34,AX$21)+COUNTIF($D31:$D34,$A$3)) -> 0 | BA34: =IF($E34="","",COUNTIF($E31:$E34,AX$21)+COUNTIF($E31:$E34,$A$3)) -> 1 | BB34: =IF($F34="","",COUNTIF($F31:$F34,AX$21)+COUNTIF($F31:$F34,$A$3)) -> 1 | BD34: =IF($B34="","",COUNTIF($B31:$B34,BD$21)+COUNTIF($B31:$B34,$A$3)) -> 0 | BE34: =IF($C34="","",COUNTIF($C31:$C34,BD$21)+COUNTIF($C31:$C34,$A$3)) -> 0 | BF34: =IF($D34="","",COUNTIF($D31:$D34,BD$21)+COUNTIF($D31:$D34,$A$3)) -> 0 | BG34: =IF($E34="","",COUNTIF($E31:$E34,BD$21)+COUNTIF($E31:$E34,$A$3)) -> 1 | BH34: =IF($F34="","",COUNTIF($F31:$F34,BD$21)+COUNTIF($F31:$F34,$A$3)) -> 1 | BJ34: =IF($B34="","",COUNTIF($B31:$B34,BJ$21)+COUNTIF($B31:$B34,$A$3)) -> 0 | BK34: =IF($C34="","",COUNTIF($C31:$C34,BJ$21)+COUNTIF($C31:$C34,$A$3)) -> 1 | BL34: =IF($D34="","",COUNTIF($D31:$D34,BJ$21)+COUNTIF($D31:$D34,$A$3)) -> 1 | BM34: =IF($E34="","",COUNTIF($E31:$E34,BJ$21)+COUNTIF($E31:$E34,$A$3)) -> 1 | BN34: =IF($F34="","",COUNTIF($F31:$F34,BJ$21)+COUNTIF($F31:$F34,$A$3)) -> 0 | BP34: =IF($B34="","",COUNTIF($B31:$B34,BP$21)+COUNTIF($B31:$B34,$A$3)) -> 0 | BQ34: =IF($C34="","",COUNTIF($C31:$C34,BP$21)+COUNTIF($C31:$C34,$A$3)) -> 0 | BR34: =IF($D34="","",COUNTIF($D31:$D34,BP$21)+COUNTIF($D31:$D34,$A$3)) -> 0 | BS34: =IF($E34="","",COUNTIF($E31:$E34,BP$21)+COUNTIF($E31:$E34,$A$3)) -> 2 | BT34: =IF($F34="","",COUNTIF($F31:$F34,BP$21)+COUNTIF($F31:$F34,$A$3)) -> 1
... A172: 150 | B172: =IF('Game Info'!J155="","",'Game Info'!J155) | C172: =IF('Game Info'!K155="","",'Game Info'!K155) | D172: =IF('Game Info'!L155="","",'Game Info'!L155) | E172: =IF('Game Info'!M155="","",'Game Info'!M155) | F172: =IF('Game Info'!N155="","",'Game Info'!N155) | H172: =IF($B172="","",COUNTIF($B169:$B172,H$21)+COUNTIF($B169:$B172,$A$3)) | I172: =IF($C172="","",COUNTIF($C169:$C172,H$21)+COUNTIF($C169:$C172,$A$3)) | J172: =IF($D172="","",COUNTIF($D169:$D172,H$21)+COUNTIF($D169:$D172,$A$3)) | K172: =IF($E172="","",COUNTIF($E169:$E172,H$21)+COUNTIF($E169:$E172,$A$3)) | L172: =IF($F172="","",COUNTIF($F169:$F172,H$21)+COUNTIF($F169:$F172,$A$3)) | N172: =IF($B172="","",COUNTIF($B169:$B172,N$21)+COUNTIF($B169:$B172,$A$3)) | O172: =IF($C172="","",COUNTIF($C169:$C172,N$21)+COUNTIF($C169:$C172,$A$3)) | P172: =IF($D172="","",COUNTIF($D169:$D172,N$21)+COUNTIF($D169:$D172,$A$3)) | Q172: =IF($E172="","",COUNTIF($E169:$E172,N$21)+COUNTIF($E169:$E172,$A$3)) | R172: =IF($F172="","",COUNTIF($F169:$F172,N$21)+COUNTIF($F169:$F172,$A$3)) | T172: =IF($B172="","",COUNTIF($B169:$B172,T$21)+COUNTIF($B169:$B172,$A$3)) | U172: =IF($C172="","",COUNTIF($C169:$C172,T$21)+COUNTIF($C169:$C172,$A$3)) | V172: =IF($D172="","",COUNTIF($D169:$D172,T$21)+COUNTIF($D169:$D172,$A$3)) | W172: =IF($E172="","",COUNTIF($E169:$E172,T$21)+COUNTIF($E169:$E172,$A$3)) | X172: =IF($F172="","",COUNTIF($F169:$F172,T$21)+COUNTIF($F169:$F172,$A$3)) | Z172: =IF($B172="","",COUNTIF($B169:$B172,Z$21)+COUNTIF($B169:$B172,$A$3)) | AA172: =IF($C172="","",COUNTIF($C169:$C172,Z$21)+COUNTIF($C169:$C172,$A$3)) | AB172: =IF($D172="","",COUNTIF($D169:$D172,Z$21)+COUNTIF($D169:$D172,$A$3)) | AC172: =IF($E172="","",COUNTIF($E169:$E172,Z$21)+COUNTIF($E169:$E172,$A$3)) | AD172: =IF($F172="","",COUNTIF($F169:$F172,Z$21)+COUNTIF($F169:$F172,$A$3)) | AF172: =IF($B172="","",COUNTIF($B169:$B172,AF$21)+COUNTIF($B169:$B172,$A$3)) | AG172: =IF($C172="","",COUNTIF($C169:$C172,AF$21)+COUNTIF($C169:$C172,$A$3)) | AH172: =IF($D172="","",COUNTIF($D169:$D172,AF$21)+COUNTIF($D169:$D172,$A$3)) | AI172: =IF($E172="","",COUNTIF($E169:$E172,AF$21)+COUNTIF($E169:$E172,$A$3)) | AJ172: =IF($F172="","",COUNTIF($F169:$F172,AF$21)+COUNTIF($F169:$F172,$A$3)) | AL172: =IF($B172="","",COUNTIF($B169:$B172,AL$21)+COUNTIF($B169:$B172,$A$3)) | AM172: =IF($C172="","",COUNTIF($C169:$C172,AL$21)+COUNTIF($C169:$C172,$A$3)) | AN172: =IF($D172="","",COUNTIF($D169:$D172,AL$21)+COUNTIF($D169:$D172,$A$3)) | AO172: =IF($E172="","",COUNTIF($E169:$E172,AL$21)+COUNTIF($E169:$E172,$A$3)) | AP172: =IF($F172="","",COUNTIF($F169:$F172,AL$21)+COUNTIF($F169:$F172,$A$3)) | AR172: =IF($B172="","",COUNTIF($B169:$B172,AR$21)+COUNTIF($B169:$B172,$A$3)) | AS172: =IF($C172="","",COUNTIF($C169:$C172,AR$21)+COUNTIF($C169:$C172,$A$3)) | AT172: =IF($D172="","",COUNTIF($D169:$D172,AR$21)+COUNTIF($D169:$D172,$A$3)) | AU172: =IF($E172="","",COUNTIF($E169:$E172,AR$21)+COUNTIF($E169:$E172,$A$3)) | AV172: =IF($F172="","",COUNTIF($F169:$F172,AR$21)+COUNTIF($F169:$F172,$A$3)) | AX172: =IF($B172="","",COUNTIF($B169:$B172,AX$21)+COUNTIF($B169:$B172,$A$3)) | AY172: =IF($C172="","",COUNTIF($C169:$C172,AX$21)+COUNTIF($C169:$C172,$A$3)) | AZ172: =IF($D172="","",COUNTIF($D169:$D172,AX$21)+COUNTIF($D169:$D172,$A$3)) | BA172: =IF($E172="","",COUNTIF($E169:$E172,AX$21)+COUNTIF($E169:$E172,$A$3)) | BB172: =IF($F172="","",COUNTIF($F169:$F172,AX$21)+COUNTIF($F169:$F172,$A$3)) | BD172: =IF($B172="","",COUNTIF($B169:$B172,BD$21)+COUNTIF($B169:$B172,$A$3)) | BE172: =IF($C172="","",COUNTIF($C169:$C172,BD$21)+COUNTIF($C169:$C172,$A$3)) | BF172: =IF($D172="","",COUNTIF($D169:$D172,BD$21)+COUNTIF($D169:$D172,$A$3)) | BG172: =IF($E172="","",COUNTIF($E169:$E172,BD$21)+COUNTIF($E169:$E172,$A$3)) | BH172: =IF($F172="","",COUNTIF($F169:$F172,BD$21)+COUNTIF($F169:$F172,$A$3)) | BJ172: =IF($B172="","",COUNTIF($B169:$B172,BJ$21)+COUNTIF($B169:$B172,$A$3)) | BK172: =IF($C172="","",COUNTIF($C169:$C172,BJ$21)+COUNTIF($C169:$C172,$A$3)) | BL172: =IF($D172="","",COUNTIF($D169:$D172,BJ$21)+COUNTIF($D169:$D172,$A$3)) | BM172: =IF($E172="","",COUNTIF($E169:$E172,BJ$21)+COUNTIF($E169:$E172,$A$3)) | BN172: =IF($F172="","",COUNTIF($F169:$F172,BJ$21)+COUNTIF($F169:$F172,$A$3)) | BP172: =IF($B172="","",COUNTIF($B169:$B172,BP$21)+COUNTIF($B169:$B172,$A$3)) | BQ172: =IF($C172="","",COUNTIF($C169:$C172,BP$21)+COUNTIF($C169:$C172,$A$3)) | BR172: =IF($D172="","",COUNTIF($D169:$D172,BP$21)+COUNTIF($D169:$D172,$A$3)) | BS172: =IF($E172="","",COUNTIF($E169:$E172,BP$21)+COUNTIF($E169:$E172,$A$3)) | BT172: =IF($F172="","",COUNTIF($F169:$F172,BP$21)+COUNTIF($F169:$F172,$A$3))

Sheet FG Reels
A2: Symbol | B2: Reel 1 | C2: Reel 2 | D2: Reel 3 | E2: Reel 4 | F2: Reel 5
A3: WILD | B3: =COUNTIF(B$23:B$172,$A3) -> 0 | C3: =COUNTIF(C$23:C$172,$A3) -> 3 | D3: =COUNTIF(D$23:D$172,$A3) -> 3 | E3: =COUNTIF(E$23:E$172,$A3) -> 2 | F3: =COUNTIF(F$23:F$172,$A3) -> 0 | H3: Symbol Appearances
A4: SYM1 | B4: =COUNTIF(B$23:B$172,$A4) -> 8 | C4: =COUNTIF(C$23:C$172,$A4) -> 5 | D4: =COUNTIF(D$23:D$172,$A4) -> 12 | E4: =COUNTIF(E$23:E$172,$A4) -> 8 | F4: =COUNTIF(F$23:F$172,$A4) -> 17 | H4: SYM1 | I4: =COUNTIF(H23:H172,">0") -> 0 | J4: =COUNTIF(I23:I172,">0") -> 0 | K4: =COUNTIF(J23:J172,">0") -> 0 | L4: =COUNTIF(K23:K172,">0") -> 0 | M4: =COUNTIF(L23:L172,">0") -> 0
A5: SYM2 | B5: =COUNTIF(B$23:B$172,$A5) -> 12 | C5: =COUNTIF(C$23:C$172,$A5) -> 12 | D5: =COUNTIF(D$23:D$172,$A5) -> 4 | E5: =COUNTIF(E$23:E$172,$A5) -> 9 | F5: =COUNTIF(F$23:F$172,$A5) -> 8 | H5: SYM2 | I5: =COUNTIF(N23:N172,">0") -> 0 | J5: =COUNTIF(O23:O172,">0") -> 0 | K5: =COUNTIF(P23:P172,">0") -> 0 | L5: =COUNTIF(Q23:Q172,">0") -> 0 | M5: =COUNTIF(R23:R172,">0") -> 0
A6: SYM3 | B6: =COUNTIF(B$23:B$172,$A6) -> 14 | C6: =COUNTIF(C$23:C$172,$A6) -> 6 | D6: =COUNTIF(D$23:D$172,$A6) -> 11 | E6: =COUNTIF(E$23:E$172,$A6) -> 7 | F6: =COUNTIF(F$23:F$172,$A6) -> 15 | H6: SYM3 | I6: =COUNTIF(T23:T172,">0") -> 0 | J6: =COUNTIF(U23:U172,">0") -> 0 | K6: =COUNTIF(V23:V172,">0") -> 0 | L6: =COUNTIF(W23:W172,">0") -> 0 | M6: =COUNTIF(X23:X172,">0") -> 0
A7: SYM4 | B7: =COUNTIF(B$23:B$172,$A7) -> 6 | C7: =COUNTIF(C$23:C$172,$A7) -> 10 | D7: =COUNTIF(D$23:D$172,$A7) -> 11 | E7: =COUNTIF(E$23:E$172,$A7) -> 10 | F7: =COUNTIF(F$23:F$172,$A7) -> 8 | H7: SYM4 | I7: =COUNTIF(Z23:Z172,">0") -> 0 | J7: =COUNTIF(AA23:AA172,">0") -> 0 | K7: =COUNTIF(AB23:AB172,">0") -> 0 | L7: =COUNTIF(AC23:AC172,">0") -> 0 | M7: =COUNTIF(AD23:AD172,">0") -> 0
A8: SYM5 | B8: =COUNTIF(B$23:B$172,$A8) -> 6 | C8: =COUNTIF(C$23:C$172,$A8) -> 8 | D8: =COUNTIF(D$23:D$172,$A8) -> 10 | E8: =COUNTIF(E$23:E$172,$A8) -> 9 | F8: =COUNTIF(F$23:F$172,$A8) -> 5 | H8: SYM5 | I8: =COUNTIF(AF23:AF172,">0") -> 0 | J8: =COUNTIF(AG23:AG172,">0") -> 0 | K8: =COUNTIF(AH23:AH172,">0") -> 0 | L8: =COUNTIF(AI23:AI172,">0") -> 0 | M8: =COUNTIF(AJ23:AJ172,">0") -> 0
A9: A | B9: =COUNTIF(B$23:B$172,$A9) -> 8 | C9: =COUNTIF(C$23:C$172,$A9) -> 8 | D9: =COUNTIF(D$23:D$172,$A9) -> 6 | E9: =COUNTIF(E$23:E$172,$A9) -> 5 | F9: =COUNTIF(F$23:F$172,$A9) -> 7 | H9: A | I9: =COUNTIF(AL23:AL172,">0") -> 0 | J9: =COUNTIF(AM23:AM172,">0") -> 0 | K9: =COUNTIF(AN23:AN172,">0") -> 0 | L9: =COUNTIF(AO23:AO172,">0") -> 0 | M9: =COUNTIF(AP23:AP172,">0") -> 0
A10: K | B10: =COUNTIF(B$23:B$172,$A10) -> 7 | C10: =COUNTIF(C$23:C$172,$A10) -> 13 | D10: =COUNTIF(D$23:D$172,$A10) -> 9 | E10: =COUNTIF(E$23:E$172,$A10) -> 6 | F10: =COUNTIF(F$23:F$172,$A10) -> 15 | H10: K | I10: =COUNTIF(AR23:AR172,">0") -> 0 | J10: =COUNTIF(AS23:AS172,">0") -> 0 | K10: =COUNTIF(AT23:AT172,">0") -> 0 | L10: =COUNTIF(AU23:AU172,">0") -> 0 | M10: =COUNTIF(AV23:AV172,">0") -> 0
A11: Q | B11: =COUNTIF(B$23:B$172,$A11) -> 11 | C11: =COUNTIF(C$23:C$172,$A11) -> 10 | D11: =COUNTIF(D$23:D$172,$A11) -> 16 | E11: =COUNTIF(E$23:E$172,$A11) -> 9 | F11: =COUNTIF(F$23:F$172,$A11) -> 14 | H11: Q | I11: =COUNTIF(AX23:AX172,">0") -> 0 | J11: =COUNTIF(AY23:AY172,">0") -> 0 | K11: =COUNTIF(AZ23:AZ172,">0") -> 0 | L11: =COUNTIF(BA23:BA172,">0") -> 0 | M11: =COUNTIF(BB23:BB172,">0") -> 0
A12: J | B12: =COUNTIF(B$23:B$172,$A12) -> 8 | C12: =COUNTIF(C$23:C$172,$A12) -> 13 | D12: =COUNTIF(D$23:D$172,$A12) -> 9 | E12: =COUNTIF(E$23:E$172,$A12) -> 6 | F12: =COUNTIF(F$23:F$172,$A12) -> 9 | H12: J | I12: =COUNTIF(BD23:BD172,">0") -> 0 | J12: =COUNTIF(BE23:BE172,">0") -> 0 | K12: =COUNTIF(BF23:BF172,">0") -> 0 | L12: =COUNTIF(BG23:BG172,">0") -> 0 | M12: =COUNTIF(BH23:BH172,">0") -> 0
A13: 10 | B13: =COUNTIF(B$23:B$172,$A13) -> 15 | C13: =COUNTIF(C$23:C$172,$A13) -> 7 | D13: =COUNTIF(D$23:D$172,$A13) -> 13 | E13: =COUNTIF(E$23:E$172,$A13) -> 6 | F13: =COUNTIF(F$23:F$172,$A13) -> 10 | H13: 10 | I13: =COUNTIF(BJ23:BJ172,">0") -> 0 | J13: =COUNTIF(BK23:BK172,">0") -> 0 | K13: =COUNTIF(BL23:BL172,">0") -> 0 | L13: =COUNTIF(BM23:BM172,">0") -> 0 | M13: =COUNTIF(BN23:BN172,">0") -> 0
A14: 9 | B14: =COUNTIF(B$23:B$172,$A14) -> 9 | C14: =COUNTIF(C$23:C$172,$A14) -> 4 | D14: =COUNTIF(D$23:D$172,$A14) -> 3 | E14: =COUNTIF(E$23:E$172,$A14) -> 8 | F14: =COUNTIF(F$23:F$172,$A14) -> 4 | H14: 9 | I14: =COUNTIF(BP23:BP172,">0") -> 0 | J14: =COUNTIF(BQ23:BQ172,">0") -> 0 | K14: =COUNTIF(BR23:BR172,">0") -> 0 | L14: =COUNTIF(BS23:BS172,">0") -> 0 | M14: =COUNTIF(BT23:BT172,">0") -> 0
A15: FG | B15: =COUNTIF(B$23:B$172,$A15) -> 3 | C15: =COUNTIF(C$23:C$172,$A15) -> 3 | D15: =COUNTIF(D$23:D$172,$A15) -> 3 | E15: =COUNTIF(E$23:E$172,$A15) -> 1 | F15: =COUNTIF(F$23:F$172,$A15) -> 1
A16: Total | B16: =SUM(B3:B15) -> 107 | C16: =SUM(C3:C15) -> 102 | D16: =SUM(D3:D15) -> 110 | E16: =SUM(E3:E15) -> 86 | F16: =SUM(F3:F15) -> 113
A18: FG Reels
A19: Pos. | B19: Reel 1 | C19: Reel 2 | D19: Reel 3 | E19: Reel 4 | F19: Reel 5
A20: -3
A21: -2 | H21: =$A$4 -> SYM1 | N21: =$A$5 -> SYM2 | T21: =$A$6 -> SYM3 | Z21: =$A$7 -> SYM4 | AF21: =$A$8 -> SYM5 | AL21: =$A$9 -> A | AR21: =$A$10 -> K | AX21: =$A$11 -> Q | BD21: =$A$12 -> J | BJ21: =$A$13 -> 10 | BP21: =$A$14 -> 9
A22: -1
A23: 1 | B23: =IF('Game Info'!Q6="","",'Game Info'!Q6) -> 10 | C23: =IF('Game Info'!R6="","",'Game Info'!R6) -> SYM4 | D23: =IF('Game Info'!S6="","",'Game Info'!S6) -> SYM1 | E23: =IF('Game Info'!T6="","",'Game Info'!T6) -> 10 | F23: =IF('Game Info'!U6="","",'Game Info'!U6) -> 10
A24: 2 | B24: =IF('Game Info'!Q7="","",'Game Info'!Q7) -> SYM3 | C24: =IF('Game Info'!R7="","",'Game Info'!R7) -> 9 | D24: =IF('Game Info'!S7="","",'Game Info'!S7) -> K | E24: =IF('Game Info'!T7="","",'Game Info'!T7) -> SYM3 | F24: =IF('Game Info'!U7="","",'Game Info'!U7) -> SYM5
A25: 3 | B25: =IF('Game Info'!Q8="","",'Game Info'!Q8) -> 9 | C25: =IF('Game Info'!R8="","",'Game Info'!R8) -> SYM2 | D25: =IF('Game Info'!S8="","",'Game Info'!S8) -> 10 | E25: =IF('Game Info'!T8="","",'Game Info'!T8) -> J | F25: =IF('Game Info'!U8="","",'Game Info'!U8) -> Q
A26: 4 | B26: =IF('Game Info'!Q9="","",'Game Info'!Q9) -> SYM2 | C26: =IF('Game Info'!R9="","",'Game Info'!R9) -> J | D26: =IF('Game Info'!S9="","",'Game Info'!S9) -> Q | E26: =IF('Game Info'!T9="","",'Game Info'!T9) -> SYM2 | F26: =IF('Game Info'!U9="","",'Game Info'!U9) -> K
A27: 5 | B27: =IF('Game Info'!Q10="","",'Game Info'!Q10) -> Q | C27: =IF('Game Info'!R10="","",'Game Info'!R10) -> K | D27: =IF('Game Info'!S10="","",'Game Info'!S10) -> SYM5 | E27: =IF('Game Info'!T10="","",'Game Info'!T10) -> SYM2 | F27: =IF('Game Info'!U10="","",'Game Info'!U10) -> J
A28: 6 | B28: =IF('Game Info'!Q11="","",'Game Info'!Q11) -> 10 | C28: =IF('Game Info'!R11="","",'Game Info'!R11) -> SYM1 | D28: =IF('Game Info'!S11="","",'Game Info'!S11) -> J | E28: =IF('Game Info'!T11="","",'Game Info'!T11) -> SYM2 | F28: =IF('Game Info'!U11="","",'Game Info'!U11) -> SYM3
A29: 7 | B29: =IF('Game Info'!Q12="","",'Game Info'!Q12) -> SYM1 | C29: =IF('Game Info'!R12="","",'Game Info'!R12) -> A | D29: =IF('Game Info'!S12="","",'Game Info'!S12) -> WILD | E29: =IF('Game Info'!T12="","",'Game Info'!T12) -> 9 | F29: =IF('Game Info'!U12="","",'Game Info'!U12) -> 9
A30: 8 | B30: =IF('Game Info'!Q13="","",'Game Info'!Q13) -> SYM5 | C30: =IF('Game Info'!R13="","",'Game Info'!R13) -> SYM3 | D30: =IF('Game Info'!S13="","",'Game Info'!S13) -> Q | E30: =IF('Game Info'!T13="","",'Game Info'!T13) -> Q | F30: =IF('Game Info'!U13="","",'Game Info'!U13) -> SYM1
A31: 9 | B31: =IF('Game Info'!Q14="","",'Game Info'!Q14) -> FG | C31: =IF('Game Info'!R14="","",'Game Info'!R14) -> 10 | D31: =IF('Game Info'!S14="","",'Game Info'!S14) -> SYM5 | E31: =IF('Game Info'!T14="","",'Game Info'!T14) -> SYM5 | F31: =IF('Game Info'!U14="","",'Game Info'!U14) -> Q
A32: 10 | B32: =IF('Game Info'!Q15="","",'Game Info'!Q15) -> A | C32: =IF('Game Info'!R15="","",'Game Info'!R15) -> SYM4 | D32: =IF('Game Info'!S15="","",'Game Info'!S15) -> K | E32: =IF('Game Info'!T15="","",'Game Info'!T15) -> 9 | F32: =IF('Game Info'!U15="","",'Game Info'!U15) -> 9
A33: 11 | B33: =IF('Game Info'!Q16="","",'Game Info'!Q16) -> K | C33: =IF('Game Info'!R16="","",'Game Info'!R16) -> K | D33: =IF('Game Info'!S16="","",'Game Info'!S16) -> FG | E33: =IF('Game Info'!T16="","",'Game Info'!T16) -> WILD | F33: =IF('Game Info'!U16="","",'Game Info'!U16) -> SYM2
A34: 12 | B34: =IF('Game Info'!Q17="","",'Game Info'!Q17) -> SYM4 | C34: =IF('Game Info'!R17="","",'Game Info'!R17) -> SYM3 | D34: =IF('Game Info'!S17="","",'Game Info'!S17) -> 10 | E34: =IF('Game Info'!T17="","",'Game Info'!T17) -> A | F34: =IF('Game Info'!U17="","",'Game Info'!U17) -> J
... A172: 150 | B172: =IF('Game Info'!Q155="","",'Game Info'!Q155) | C172: =IF('Game Info'!R155="","",'Game Info'!R155) | D172: =IF('Game Info'!S155="","",'Game Info'!S155) | E172: =IF('Game Info'!T155="","",'Game Info'!T155) | F172: =IF('Game Info'!U155="","",'Game Info'!U155)
