Workbook

Sheet Game Info
B2: Total Bet | C2: 10
B3: Lines | C3: 20
B5: GAME RULES | I5: BASE GAME REELS | P5: FREE GAME REELS | W5: FREE GAME SPINS
B6: WILD substitutes for all symbols except FG. All wins pay left to right except FG. FG wins added to payline wins FG wins multiplied by the total bet. 3, 4, or 5 or more FG awards 8, 12, or 16 free spins, respectively. 3, 4, or 5 or more FG during a free spin awards an additional 8, 12, or 16 free spins, respectively. All wins are tripled during free games. Free games using different reel strips from the base game. | I6: Pos. | J6: Reel 1 | K6: Reel 2 | L6: Reel 3 | M6: Reel 4 | N6: Reel 5 | P6: Pos. | Q6: Reel 1 | R6: Reel 2 | S6: Reel 3 | T6: Reel 4 | U6: Reel 5 | W6: Scats | X6: BG | Y6: FG
I7: 1 | J7: SYM3 | K7: K | L7: SYM1 | M7: SYM1 | N7: J | P7: 1 | Q7: SYM3 | R7: K | S7: SYM1 | T7: SYM1 | U7: J | W7: 5 | X7: 16 | Y7: 16
I8: 2 | J8: K | K8: SYM2 | L8: A | M8: 10 | N8: SYM2 | P8: 2 | Q8: K | R8: SYM2 | S8: A | T8: 10 | U8: SYM2 | W8: 4 | X8: 12 | Y8: 12
I9: 3 | J9: SYM2 | K9: J | L9: SYM4 | M9: SYM3 | N9: K | P9: 3 | Q9: SYM2 | R9: J | S9: SYM4 | T9: SYM3 | U9: K | W9: 3 | X9: 8 | Y9: 8
I10: 4 | J10: 10 | K10: WILD | L10: K | M10: K | N10: SYM3 | P10: 4 | Q10: 10 | R10: WILD | S10: K | T10: K | U10: SYM3
I11: 5 | J11: SYM4 | K11: 9 | L11: J | M11: 10 | N11: 10 | P11: 5 | Q11: SYM4 | R11: 9 | S11: J | T11: 10 | U11: 10 | W11: PAYTABLE
I12: 6 | J12: K | K12: SYM2 | L12: SYM3 | M12: SYM5 | N12: SYM2 | P12: 6 | Q12: K | R12: SYM2 | S12: SYM3 | T12: FG | U12: SYM2 | W12: Symbol | X12: 2x | Y12: 3x | Z12: 4x | AA12: 5x
I13: 7 | J13: SYM1 | K13: A | L13: Q | M13: K | N13: Q | P13: 7 | Q13: J | R13: A | S13: Q | T13: K | U13: Q | W13: WILD | X13: -- | Y13: 100 | Z13: 500 | AA13: 2500
I14: 8 | J14: 10 | K14: SYM3 | L14: SYM2 | M14: SYM4 | N14: FG | P14: 8 | Q14: SYM1 | R14: WILD | S14: SYM2 | T14: SYM4 | U14: FG | W14: SYM1 | X14: -- | Y14: 25 | Z14: 100 | AA14: 750
I15: 9 | J15: SYM3 | K15: 9 | L15: K | M15: A | N15: J | P15: 9 | Q15: A | R15: 9 | S15: K | T15: A | U15: J | W15: SYM2 | X15: -- | Y15: 25 | Z15: 100 | AA15: 750
I16: 10 | J16: J | K16: 10 | L16: WILD | M16: 9 | N16: 9 | P16: 10 | Q16: J | R16: 10 | S16: WILD | T16: 9 | U16: 9 | W16: SYM3 | X16: -- | Y16: 25 | Z16: 100 | AA16: 750
B17: PAY LINES | I17: 11 | J17: SYM3 | K17: SYM4 | L17: A | M17: SYM2 | N17: SYM1 | P17: 11 | Q17: SYM3 | R17: SYM4 | S17: A | T17: SYM2 | U17: SYM1 | W17: SYM4 | X17: -- | Y17: 10 | Z17: 75 | AA17: 250
I18: 12 | J18: 9 | K18: J | L18: SYM3 | M18: K | N18: 10 | P18: 12 | Q18: 9 | R18: J | S18: SYM3 | T18: K | U18: 10 | W18: SYM5 | X18: -- | Y18: 10 | Z18: 50 | AA18: 250
I19: 13 | J19: 10 | K19: SYM2 | L19: 10 | M19: SYM4 | N19: SYM4 | P19: 13 | Q19: 10 | R19: SYM2 | S19: 10 | T19: SYM4 | U19: SYM4 | W19: A | X19: -- | Y19: 10 | Z19: 50 | AA19: 125
I20: 14 | J20: SYM2 | K20: A | L20: K | M20: 10 | N20: Q | P20: 14 | Q20: SYM2 | R20: A | S20: K | T20: 10 | U20: Q | W20: K | X20: -- | Y20: 5 | Z20: 50 | AA20: 100
I21: 15 | J21: A | K21: FG | L21: SYM5 | M21: WILD | N21: WILD | P21: 15 | Q21: A | R21: FG | S21: SYM5 | T21: WILD | U21: WILD | W21: Q | X21: -- | Y21: 5 | Z21: 50 | AA21: 100
I22: 16 | J22: WILD | K22: 9 | L22: J | M22: 9 | N22: A | P22: 16 | Q22: WILD | R22: 9 | S22: J | T22: 9 | U22: A | W22: J | X22: -- | Y22: 5 | Z22: 25 | AA22: 100
I23: 17 | J23: Q | K23: J | L23: SYM3 | M23: SYM3 | N23: SYM5 | P23: 17 | Q23: Q | R23: J | S23: SYM3 | T23: SYM3 | U23: SYM5 | W23: 10 | X23: -- | Y23: 5 | Z23: 25 | AA23: 100
I24: 18 | J24: SYM5 | K24: SYM4 | L24: 10 | M24: Q | N24: 9 | P24: 18 | Q24: SYM5 | R24: SYM4 | S24: 10 | T24: Q | U24: 9 | W24: 9 | X24: -- | Y24: 5 | Z24: 25 | AA24: 100
I25: 19 | J25: K | K25: K | L25: 9 | M25: SYM2 | N25: Q | P25: 19 | Q25: K | R25: K | S25: 9 | T25: SYM2 | U25: Q | W25: FG | X25: -- | Y25: 5 | Z25: 20 | AA25: 100
I26: 20 | J26: A | K26: SYM5 | L26: FG | M26: 10 | N26: SYM4 | P26: 20 | Q26: A | R26: SYM5 | S26: FG | T26: 10 | U26: SYM4 | W26: *FG win is multiplied by total bet.
I27: 21 | J27: SYM4 | K27: Q | L27: Q | M27: J | N27: J | P27: 21 | Q27: SYM4 | R27: Q | S27: Q | T27: J | U27: J
I28: 22 | J28: K | K28: SYM1 | L28: SYM5 | M28: FG | N28: SYM1 | P28: 22 | Q28: K | R28: SYM1 | S28: SYM5 | T28: FG | U28: SYM1
I29: 23 | J29: FG | K29: A | L29: J | M29: A | N29: 10 | P29: 23 | Q29: FG | R29: A | S29: J | T29: A | U29: 10
I30: 24 | J30: Q | K30: 10 | L30: SYM3 | M30: J | N30: 9 | P30: 24 | Q30: Q | R30: 10 | S30: SYM3 | T30: J | U30: 9
I31: 25 | J31: A | K31: SYM2 | L31: 9 | M31: SYM3 | N31: SYM2 | P31: 25 | Q31: A | R31: WILD | S31: 9 | T31: SYM3 | U31: SYM2
I32: 26 | J32: SYM4 | K32: 9 | L32: SYM1 | M32: Q | N32: 10 | P32: 26 | Q32: SYM4 | R32: 9 | S32: WILD | T32: Q | U32: 10
I33: 27 | J33: 9 | K33: SYM3 | L33: K | M33: A | N33: Q | P33: 27 | Q33: 9 | R33: SYM3 | S33: K | T33: A | U33: Q
I34: 28 | J34: Q | K34: J | L34: 10 | M34: SYM2 | N34: SYM3 | P34: 28 | Q34: Q | R34: J | S34: 10 | T34: SYM2 | U34: FG
I35: 29 | J35: WILD | K35: 10 | L35: SYM3 | M35: 9 | N35: 10 | P35: 29 | Q35: WILD | R35: 10 | S35: SYM3 | T35: 9 | U35: 10
I36: 30 | J36: K | K36: FG | L36: Q | M36: SYM4 | N36: SYM5 | P36: 30 | Q36: K | R36: FG | S36: Q | T36: SYM4 | U36: SYM5
I37: 31 | J37: SYM4 | K37: K | L37: SYM2 | M37: K | N37: J | P37: 31 | Q37: SYM4 | R37: K | S37: SYM2 | T37: K | U37: J
I38: 32 | J38: 10 | K38: SYM2 | L38: K | M38: 10 | N38: SYM4 | P38: 32 | Q38: 10 | R38: SYM2 | S38: K | T38: 10 | U38: SYM4
I39: 33 | J39: 9 | K39: J | L39: FG | M39: SYM4 | N39: A | P39: 33 | Q39: 9 | R39: J | S39: FG | T39: SYM4 | U39: A
I40: 34 | J40: SYM2 | K40: SYM1 | L40: J | M40: 9 | N40: K | P40: 34 | Q40: SYM2 | R40: SYM1 | S40: J | T40: 9 | U40: K
I41: 35 | J41: 9 | K41: 9 | L41: SYM3 | M41: SYM5 | N41: SYM5 | P41: 35 | Q41: 9 | R41: 9 | S41: SYM3 | T41: SYM5 | U41: SYM5
I42: 36 | J42: SYM3 | K42: K | L42: 9 | M42: J | N42: Q | P42: 36 | Q42: SYM3 | R42: K | S42: 9 | T42: J | U42: Q
I43: 37 | J43: J | K43: SYM3 | L43: SYM5 | N43: J | P43: 37 | Q43: J | R43: SYM3 | S43: SYM5 | U43: J
I44: 38 | J44: A | K44: J | L44: Q | N44: SYM3 | P44: 38 | Q44: A | R44: J | S44: Q | U44: SYM3
I45: 39 | J45: SYM2 | K45: 9 | L45: SYM2 | N45: 10 | P45: 39 | Q45: SYM2 | R45: 9 | S45: SYM2 | U45: 10
I46: 40 | J46: 10 | K46: SYM5 | L46: K | N46: SYM4 | P46: 40 | Q46: 10 | R46: SYM5 | S46: K | U46: SYM4
I47: 41 | J47: SYM4 | K47: 9 | L47: J | N47: Q | P47: 41 | Q47: SYM4 | R47: 9 | S47: J | U47: Q
I48: 42 | J48: 9 | K48: 10 | L48: SYM3 | N48: SYM2 | P48: 42 | Q48: 9 | R48: 10 | S48: SYM3 | U48: SYM2
I49: 43 | J49: SYM1 | L49: 9 | P49: 43 | Q49: SYM1 | S49: 9
I50: 44 | J50: J | L50: SYM5 | P50: 44 | Q50: J | S50: SYM5
I51: 45 | J51: 10 | L51: Q | P51: 45 | Q51: 10 | S51: Q
I52: 46 | J52: SYM5 | L52: SYM2 | P52: 46 | Q52: SYM5 | S52: SYM2
I53: 47 | J53: Q | L53: K | P53: 47 | Q53: Q | S53: K
I54: 48 | J54: SYM4 | P54: 48 | Q54: SYM4
I55: 49 | P55: 49
I56: 50 | P56: 50
I57: 51 | P57: 51
I58: 52 | P58: 52
I59: 53 | P59: 53
I60: 54 | P60: 54
I61: 55 | P61: 55
I62: 56 | P62: 56
I63: 57 | P63: 57
I64: 58 | P64: 58
I65: 59 | P65: 59
I66: 60 | P66: 60
... I170: 164 | P170: 164

Sheet BG
B2: Base Game | C2: =SUM(F39:F74,W39:W54) -> 0.69431468 | F2: Free Games Odds | G2: =1/SUM(U39:U54) -> 134.31835
B3: Free Games | C3: =FG!C5/G2 -> 0.22553469
B4: Total | C4: =C2+C3 -> 0.91984937
B6: Symbol Distribution
B7: Symbol | C7: Reel 1 | D7: Reel 2 | E7: Reel 3 | F7: Reel 4 | G7: Reel 5
B8: WILD | C8: =COUNTIF('Game Info'!J$7:J$170,BG!$B8) -> 2 | D8: =COUNTIF('Game Info'!K$7:K$170,BG!$B8) -> 1 | E8: =COUNTIF('Game Info'!L$7:L$170,BG!$B8) -> 1 | F8: =COUNTIF('Game Info'!M$7:M$170,BG!$B8) -> 1 | G8: =COUNTIF('Game Info'!N$7:N$170,BG!$B8) -> 1
B9: SYM1 | C9: =COUNTIF('Game Info'!J$7:J$170,BG!$B9) -> 2 | D9: =COUNTIF('Game Info'!K$7:K$170,BG!$B9) -> 2 | E9: =COUNTIF('Game Info'!L$7:L$170,BG!$B9) -> 2 | F9: =COUNTIF('Game Info'!M$7:M$170,BG!$B9) -> 1 | G9: =COUNTIF('Game Info'!N$7:N$170,BG!$B9) -> 2
B10: SYM2 | C10: =COUNTIF('Game Info'!J$7:J$170,BG!$B10) -> 4 | D10: =COUNTIF('Game Info'!K$7:K$170,BG!$B10) -> 5 | E10: =COUNTIF('Game Info'!L$7:L$170,BG!$B10) -> 4 | F10: =COUNTIF('Game Info'!M$7:M$170,BG!$B10) -> 3 | G10: =COUNTIF('Game Info'!N$7:N$170,BG!$B10) -> 4
B11: SYM3 | C11: =COUNTIF('Game Info'!J$7:J$170,BG!$B11) -> 4 | D11: =COUNTIF('Game Info'!K$7:K$170,BG!$B11) -> 3 | E11: =COUNTIF('Game Info'!L$7:L$170,BG!$B11) -> 7 | F11: =COUNTIF('Game Info'!M$7:M$170,BG!$B11) -> 3 | G11: =COUNTIF('Game Info'!N$7:N$170,BG!$B11) -> 3
B12: SYM4 | C12: =COUNTIF('Game Info'!J$7:J$170,BG!$B12) -> 6 | D12: =COUNTIF('Game Info'!K$7:K$170,BG!$B12) -> 2 | E12: =COUNTIF('Game Info'!L$7:L$170,BG!$B12) -> 1 | F12: =COUNTIF('Game Info'!M$7:M$170,BG!$B12) -> 4 | G12: =COUNTIF('Game Info'!N$7:N$170,BG!$B12) -> 4
B13: SYM5 | C13: =COUNTIF('Game Info'!J$7:J$170,BG!$B13) -> 2 | D13: =COUNTIF('Game Info'!K$7:K$170,BG!$B13) -> 2 | E13: =COUNTIF('Game Info'!L$7:L$170,BG!$B13) -> 4 | F13: =COUNTIF('Game Info'!M$7:M$170,BG!$B13) -> 2 | G13: =COUNTIF('Game Info'!N$7:N$170,BG!$B13) -> 3
B14: A | C14: =COUNTIF('Game Info'!J$7:J$170,BG!$B14) -> 4 | D14: =COUNTIF('Game Info'!K$7:K$170,BG!$B14) -> 3 | E14: =COUNTIF('Game Info'!L$7:L$170,BG!$B14) -> 2 | F14: =COUNTIF('Game Info'!M$7:M$170,BG!$B14) -> 3 | G14: =COUNTIF('Game Info'!N$7:N$170,BG!$B14) -> 2
B15: K | C15: =COUNTIF('Game Info'!J$7:J$170,BG!$B15) -> 5 | D15: =COUNTIF('Game Info'!K$7:K$170,BG!$B15) -> 4 | E15: =COUNTIF('Game Info'!L$7:L$170,BG!$B15) -> 7 | F15: =COUNTIF('Game Info'!M$7:M$170,BG!$B15) -> 4 | G15: =COUNTIF('Game Info'!N$7:N$170,BG!$B15) -> 2
B16: Q | C16: =COUNTIF('Game Info'!J$7:J$170,BG!$B16) -> 4 | D16: =COUNTIF('Game Info'!K$7:K$170,BG!$B16) -> 1 | E16: =COUNTIF('Game Info'!L$7:L$170,BG!$B16) -> 5 | F16: =COUNTIF('Game Info'!M$7:M$170,BG!$B16) -> 2 | G16: =COUNTIF('Game Info'!N$7:N$170,BG!$B16) -> 6
B17: J | C17: =COUNTIF('Game Info'!J$7:J$170,BG!$B17) -> 3 | D17: =COUNTIF('Game Info'!K$7:K$170,BG!$B17) -> 6 | E17: =COUNTIF('Game Info'!L$7:L$170,BG!$B17) -> 5 | F17: =COUNTIF('Game Info'!M$7:M$170,BG!$B17) -> 3 | G17: =COUNTIF('Game Info'!N$7:N$170,BG!$B17) -> 5
B18: 10 | C18: =COUNTIF('Game Info'!J$7:J$170,BG!$B18) -> 6 | D18: =COUNTIF('Game Info'!K$7:K$170,BG!$B18) -> 4 | E18: =COUNTIF('Game Info'!L$7:L$170,BG!$B18) -> 3 | F18: =COUNTIF('Game Info'!M$7:M$170,BG!$B18) -> 5 | G18: =COUNTIF('Game Info'!N$7:N$170,BG!$B18) -> 6
B19: 9 | C19: =COUNTIF('Game Info'!J$7:J$170,BG!$B19) -> 5 | D19: =COUNTIF('Game Info'!K$7:K$170,BG!$B19) -> 7 | E19: =COUNTIF('Game Info'!L$7:L$170,BG!$B19) -> 4 | F19: =COUNTIF('Game Info'!M$7:M$170,BG!$B19) -> 4 | G19: =COUNTIF('Game Info'!N$7:N$170,BG!$B19) -> 3
B20: FG | C20: =COUNTIF('Game Info'!J$7:J$170,BG!$B20) -> 1 | D20: =COUNTIF('Game Info'!K$7:K$170,BG!$B20) -> 2 | E20: =COUNTIF('Game Info'!L$7:L$170,BG!$B20) -> 2 | F20: =COUNTIF('Game Info'!M$7:M$170,BG!$B20) -> 1 | G20: =COUNTIF('Game Info'!N$7:N$170,BG!$B20) -> 1
B21: Total | C21: =SUM(C8:C20) -> 48 | D21: =SUM(D8:D20) -> 42 | E21: =SUM(E8:E20) -> 47 | F21: =SUM(F8:F20) -> 36 | G21: =SUM(G8:G20) -> 42
F22: Cycle | G22: =PRODUCT(C21:G21) -> 143265024
B24: Derived Symbols
B25: =B9 & " + WILD" -> SYM1 + WILD | C25: =C$8+C9 -> 4 | D25: =D$8+D9 -> 3 | E25: =E$8+E9 -> 3 | F25: =F$8+F9 -> 2 | G25: =G$8+G9 -> 3
B26: =B10 & " + WILD" -> SYM2 + WILD | C26: =C$8+C10 -> 6 | D26: =D$8+D10 -> 6 | E26: =E$8+E10 -> 5 | F26: =F$8+F10 -> 4 | G26: =G$8+G10 -> 5
B27: =B11 & " + WILD" -> SYM3 + WILD | C27: =C$8+C11 -> 6 | D27: =D$8+D11 -> 4 | E27: =E$8+E11 -> 8 | F27: =F$8+F11 -> 4 | G27: =G$8+G11 -> 4
B28: =B12 & " + WILD" -> SYM4 + WILD | C28: =C$8+C12 -> 8 | D28: =D$8+D12 -> 3 | E28: =E$8+E12 -> 2 | F28: =F$8+F12 -> 5 | G28: =G$8+G12 -> 5
B29: =B13 & " + WILD" -> SYM5 + WILD | C29: =C$8+C14 -> 6 | D29: =D$8+D14 -> 4 | E29: =E$8+E14 -> 3 | F29: =F$8+F14 -> 4 | G29: =G$8+G14 -> 3
B30: =B14 & " + WILD" -> A + WILD | C30: =C$8+C15 -> 7 | D30: =D$8+D15 -> 5 | E30: =E$8+E15 -> 8 | F30: =F$8+F15 -> 5 | G30: =G$8+G15 -> 3
B31: =B15 & " + WILD" -> K + WILD | C31: =C$8+C16 -> 6 | D31: =D$8+D16 -> 2 | E31: =E$8+E16 -> 6 | F31: =F$8+F16 -> 3 | G31: =G$8+G16 -> 7
B32: =B16 & " + WILD" -> Q + WILD | C32: =C$8+C17 -> 5 | D32: =D$8+D17 -> 7 | E32: =E$8+E17 -> 6 | F32: =F$8+F17 -> 4 | G32: =G$8+G17 -> 6
B33: =B17 & " + WILD" -> J + WILD | C33: =C$8+C18 -> 8 | D33: =D$8+D18 -> 5 | E33: =E$8+E18 -> 4 | F33: =F$8+F18 -> 6 | G33: =G$8+G18 -> 7
B34: =B18 & " + WILD" -> 10 + WILD | C34: =C$8+C19 -> 7 | D34: =D$8+D19 -> 8 | E34: =E$8+E19 -> 5 | F34: =F$8+F19 -> 5 | G34: =G$8+G19 -> 4
B35: FG (on screen) | C35: =3*C20 -> 3 | D35: =3*D20 -> 6 | E35: =3*E20 -> 6 | F35: =3*F20 -> 3 | G35: =3*G20 -> 3
B37: Line Hits | I37: Scatter Hits
B38: Combination | C38: Hits | D38: Prob | E38: Pay | F38: Contribution | I38: Combination | J38: Reel 1 | K38: Reel 2 | L38: Reel 3 | M38: Reel 4 | N38: Reel 5 | O38: Reel 1 | P38: Reel 2 | Q38: Reel 3 | R38: Reel 4 | S38: Reel 5 | T38: Hits | U38: Prob | V38: Pay | W38: Contribution
B39: =B8 & " x5" -> WILD x5 | C39: =C8*D8*E8*F8*G8 -> 2 | D39: ='Game Info'!$C$3*C39/$G$22 -> 2.7920283e-07 | E39: ='Game Info'!AA13 -> 2500 | F39: =D39*E39/'Game Info'!$C$2 -> 6.9800707e-05 | I39: FG x5 | J39: X | K39: X | L39: X | M39: X | N39: X | O39: =IF(J39="X",C$35,C$21-C$35) -> 3 | P39: =IF(K39="X",D$35,D$21-D$35) -> 6 | Q39: =IF(L39="X",E$35,E$21-E$35) -> 6 | R39: =IF(M39="X",F$35,F$21-F$35) -> 3 | S39: =IF(N39="X",G$35,G$21-G$35) -> 3 | T39: =PRODUCT(O39:S39) -> 972 | U39: =T39/$G$22 -> 6.7846287e-06 | V39: ='Game Info'!AA25 -> 100 | W39: =V39*U39 -> 0.00067846287
B40: =B9 & " x5" -> SYM1 x5 | C40: =C25*D25*E25*F25*G25-$C$8*$D$8*$E$8*$F$8*$G$8 -> 214 | D40: ='Game Info'!$C$3*C40/$G$22 -> 2.9874703e-05 | E40: ='Game Info'!AA14 -> 750 | F40: =D40*E40/'Game Info'!$C$2 -> 0.0022406027 | I40: FG x4 | J40: X | K40: X | L40: X | M40: X | N40: -- | O40: =IF(J40="X",C$35,C$21-C$35) -> 3 | P40: =IF(K40="X",D$35,D$21-D$35) -> 6 | Q40: =IF(L40="X",E$35,E$21-E$35) -> 6 | R40: =IF(M40="X",F$35,F$21-F$35) -> 3 | S40: =IF(N40="X",G$35,G$21-G$35) -> 39 | T40: =PRODUCT(O40:S40) -> 12636 | U40: =T40/$G$22 -> 8.8200174e-05 | V40: ='Game Info'!Z25 -> 20 | W40: =V40*U40 -> 0.0017640035
B41: =B10 & " x5" -> SYM2 x5 | C41: =C26*D26*E26*F26*G26-$C$8*$D$8*$E$8*$F$8*$G$8 -> 3598 | D41: ='Game Info'!$C$3*C41/$G$22 -> 0.00050228589 | E41: ='Game Info'!AA15 -> 750 | F41: =D41*E41/'Game Info'!$C$2 -> 0.037671442 | I41: FG x4 | J41: X | K41: X | L41: X | M41: -- | N41: X | O41: =IF(J41="X",C$35,C$21-C$35) -> 3 | P41: =IF(K41="X",D$35,D$21-D$35) -> 6 | Q41: =IF(L41="X",E$35,E$21-E$35) -> 6 | R41: =IF(M41="X",F$35,F$21-F$35) -> 33 | S41: =IF(N41="X",G$35,G$21-G$35) -> 3 | T41: =PRODUCT(O41:S41) -> 10692 | U41: =T41/$G$22 -> 7.4630916e-05 | V41: =V40 -> 20 | W41: =V41*U41 -> 0.0014926183
B42: =B11 & " x5" -> SYM3 x5 | C42: =C27*D27*E27*F27*G27-$C$8*$D$8*$E$8*$F$8*$G$8 -> 3070 | D42: ='Game Info'!$C$3*C42/$G$22 -> 0.00042857634 | E42: ='Game Info'!AA16 -> 750 | F42: =D42*E42/'Game Info'!$C$2 -> 0.032143226 | I42: FG x4 | J42: X | K42: X | L42: -- | M42: X | N42: X | O42: =IF(J42="X",C$35,C$21-C$35) -> 3 | P42: =IF(K42="X",D$35,D$21-D$35) -> 6 | Q42: =IF(L42="X",E$35,E$21-E$35) -> 41 | R42: =IF(M42="X",F$35,F$21-F$35) -> 3 | S42: =IF(N42="X",G$35,G$21-G$35) -> 3 | T42: =PRODUCT(O42:S42) -> 6642 | U42: =T42/$G$22 -> 4.636163e-05 | V42: =V41 -> 20 | W42: =V42*U42 -> 0.0009272326
B43: =B12 & " x5" -> SYM4 x5 | C43: =(C28*D28*E28*F28-$C$8*$D$8*$E$8*$F$8)*G28 -> 1190 | D43: ='Game Info'!$C$3*C43/$G$22 -> 0.00016612568 | E43: ='Game Info'!AA17 -> 250 | F43: =D43*E43/'Game Info'!$C$2 -> 0.0041531421 | I43: FG x4 | J43: X | K43: -- | L43: X | M43: X | N43: X | O43: =IF(J43="X",C$35,C$21-C$35) -> 3 | P43: =IF(K43="X",D$35,D$21-D$35) -> 36 | Q43: =IF(L43="X",E$35,E$21-E$35) -> 6 | R43: =IF(M43="X",F$35,F$21-F$35) -> 3 | S43: =IF(N43="X",G$35,G$21-G$35) -> 3 | T43: =PRODUCT(O43:S43) -> 5832 | U43: =T43/$G$22 -> 4.0707772e-05 | V43: =V42 -> 20 | W43: =V43*U43 -> 0.00081415545
B44: =B13 & " x5" -> SYM5 x5 | C44: =(C29*D29*E29*F29-$C$8*$D$8*$E$8*$F$8)*G29 -> 858 | D44: ='Game Info'!$C$3*C44/$G$22 -> 0.00011977801 | E44: ='Game Info'!AA18 -> 250 | F44: =D44*E44/'Game Info'!$C$2 -> 0.0029944503 | I44: FG x4 | J44: -- | K44: X | L44: X | M44: X | N44: X | O44: =IF(J44="X",C$35,C$21-C$35) -> 45 | P44: =IF(K44="X",D$35,D$21-D$35) -> 6 | Q44: =IF(L44="X",E$35,E$21-E$35) -> 6 | R44: =IF(M44="X",F$35,F$21-F$35) -> 3 | S44: =IF(N44="X",G$35,G$21-G$35) -> 3 | T44: =PRODUCT(O44:S44) -> 14580 | U44: =T44/$G$22 -> 0.00010176943 | V44: =V43 -> 20 | W44: =V44*U44 -> 0.0020353886
B45: =B14 & " x5" -> A x5 | C45: =(C30*D30*E30*F30-$C$8*$D$8*$E$8*$F$8)*G30 -> 4194 | D45: ='Game Info'!$C$3*C45/$G$22 -> 0.00058548833 | E45: ='Game Info'!AA19 -> 125 | F45: =D45*E45/'Game Info'!$C$2 -> 0.0073186042 | I45: FG x3 | J45: X | K45: X | L45: X | M45: -- | N45: -- | O45: =IF(J45="X",C$35,C$21-C$35) -> 3 | P45: =IF(K45="X",D$35,D$21-D$35) -> 6 | Q45: =IF(L45="X",E$35,E$21-E$35) -> 6 | R45: =IF(M45="X",F$35,F$21-F$35) -> 33 | S45: =IF(N45="X",G$35,G$21-G$35) -> 39 | T45: =PRODUCT(O45:S45) -> 138996 | U45: =T45/$G$22 -> 0.00097020191 | V45: ='Game Info'!Y25 -> 5 | W45: =V45*U45 -> 0.0048510096
B46: =B15 & " x5" -> K x5 | C46: =(C31*D31*E31-$C$8*$D$8*$E$8)*F31*G31 -> 1470 | D46: ='Game Info'!$C$3*C46/$G$22 -> 0.00020521408 | E46: ='Game Info'!AA20 -> 100 | F46: =D46*E46/'Game Info'!$C$2 -> 0.0020521408 | I46: FG x3 | J46: X | K46: X | L46: -- | M46: X | N46: -- | O46: =IF(J46="X",C$35,C$21-C$35) -> 3 | P46: =IF(K46="X",D$35,D$21-D$35) -> 6 | Q46: =IF(L46="X",E$35,E$21-E$35) -> 41 | R46: =IF(M46="X",F$35,F$21-F$35) -> 3 | S46: =IF(N46="X",G$35,G$21-G$35) -> 39 | T46: =PRODUCT(O46:S46) -> 86346 | U46: =T46/$G$22 -> 0.00060270119 | V46: =V45 -> 5 | W46: =V46*U46 -> 0.0030135059
B47: =B16 & " x5" -> Q x5 | C47: =(C32*D32*E32-$C$8*$D$8*$E$8)*F32*G32 -> 4992 | D47: ='Game Info'!$C$3*C47/$G$22 -> 0.00069689026 | E47: ='Game Info'!AA21 -> 100 | F47: =D47*E47/'Game Info'!$C$2 -> 0.0069689026 | I47: FG x3 | J47: X | K47: -- | L47: X | M47: X | N47: -- | O47: =IF(J47="X",C$35,C$21-C$35) -> 3 | P47: =IF(K47="X",D$35,D$21-D$35) -> 36 | Q47: =IF(L47="X",E$35,E$21-E$35) -> 6 | R47: =IF(M47="X",F$35,F$21-F$35) -> 3 | S47: =IF(N47="X",G$35,G$21-G$35) -> 39 | T47: =PRODUCT(O47:S47) -> 75816 | U47: =T47/$G$22 -> 0.00052920104 | V47: =V46 -> 5 | W47: =V47*U47 -> 0.0026460052
B48: =B17 & " x5" -> J x5 | C48: =(C33*D33*E33-$C$8*$D$8*$E$8)*F33*G33 -> 6636 | D48: ='Game Info'!$C$3*C48/$G$22 -> 0.00092639499 | E48: ='Game Info'!AA22 -> 100 | F48: =D48*E48/'Game Info'!$C$2 -> 0.0092639499 | I48: FG x3 | J48: -- | K48: X | L48: X | M48: X | N48: -- | O48: =IF(J48="X",C$35,C$21-C$35) -> 45 | P48: =IF(K48="X",D$35,D$21-D$35) -> 6 | Q48: =IF(L48="X",E$35,E$21-E$35) -> 6 | R48: =IF(M48="X",F$35,F$21-F$35) -> 3 | S48: =IF(N48="X",G$35,G$21-G$35) -> 39 | T48: =PRODUCT(O48:S48) -> 189540 | U48: =T48/$G$22 -> 0.0013230026 | V48: =V47 -> 5 | W48: =V48*U48 -> 0.006615013
B49: =B18 & " x5" -> 10 x5 | C49: =(C34*D34*E34-$C$8*$D$8*$E$8)*F34*G34 -> 5560 | D49: ='Game Info'!$C$3*C49/$G$22 -> 0.00077618386 | E49: ='Game Info'!AA23 -> 100 | F49: =D49*E49/'Game Info'!$C$2 -> 0.0077618386 | I49: FG x3 | J49: X | K49: X | L49: -- | M49: -- | N49: X | O49: =IF(J49="X",C$35,C$21-C$35) -> 3 | P49: =IF(K49="X",D$35,D$21-D$35) -> 6 | Q49: =IF(L49="X",E$35,E$21-E$35) -> 41 | R49: =IF(M49="X",F$35,F$21-F$35) -> 33 | S49: =IF(N49="X",G$35,G$21-G$35) -> 3 | T49: =PRODUCT(O49:S49) -> 73062 | U49: =T49/$G$22 -> 0.00050997793 | V49: =V48 -> 5 | W49: =V49*U49 -> 0.0025498896
B50: =B19 & " x5" -> 9 x5 | C50: =(C35*D35*E35-$C$8*$D$8*$E$8)*F35*G35 -> 954 | D50: ='Game Info'!$C$3*C50/$G$22 -> 0.00013317975 | E50: ='Game Info'!AA24 -> 100 | F50: =D50*E50/'Game Info'!$C$2 -> 0.0013317975 | I50: FG x3 | J50: X | K50: -- | L50: X | M50: -- | N50: X | O50: =IF(J50="X",C$35,C$21-C$35) -> 3 | P50: =IF(K50="X",D$35,D$21-D$35) -> 36 | Q50: =IF(L50="X",E$35,E$21-E$35) -> 6 | R50: =IF(M50="X",F$35,F$21-F$35) -> 33 | S50: =IF(N50="X",G$35,G$21-G$35) -> 3 | T50: =PRODUCT(O50:S50) -> 64152 | U50: =T50/$G$22 -> 0.0004477855 | V50: =V49 -> 5 | W50: =V50*U50 -> 0.0022389275
B51: =B8 & " x4" -> WILD x4 | C51: =C8*D8*E8*F8*(G21-G8-G9-G10-G11) -> 64 | D51: ='Game Info'!$C$3*C51/$G$22 -> 8.9344905e-06 | E51: ='Game Info'!Z13 -> 500 | F51: =D51*E51/'Game Info'!$C$2 -> 0.00044672453 | I51: FG x3 | J51: -- | K51: X | L51: X | M51: -- | N51: X | O51: =IF(J51="X",C$35,C$21-C$35) -> 45 | P51: =IF(K51="X",D$35,D$21-D$35) -> 6 | Q51: =IF(L51="X",E$35,E$21-E$35) -> 6 | R51: =IF(M51="X",F$35,F$21-F$35) -> 33 | S51: =IF(N51="X",G$35,G$21-G$35) -> 3 | T51: =PRODUCT(O51:S51) -> 160380 | U51: =T51/$G$22 -> 0.0011194637 | V51: =V50 -> 5 | W51: =V51*U51 -> 0.0055973187
B52: =B9 & " x4" -> SYM1 x4 | C52: =(C25*D25*E25-$C$8*$D$8*$E$8)*F25*($G$21-G25) -> 2652 | D52: ='Game Info'!$C$3*C52/$G$22 -> 0.00037022295 | E52: ='Game Info'!Z14 -> 100 | F52: =D52*E52/'Game Info'!$C$2 -> 0.0037022295 | I52: FG x3 | J52: X | K52: -- | L52: -- | M52: X | N52: X | O52: =IF(J52="X",C$35,C$21-C$35) -> 3 | P52: =IF(K52="X",D$35,D$21-D$35) -> 36 | Q52: =IF(L52="X",E$35,E$21-E$35) -> 41 | R52: =IF(M52="X",F$35,F$21-F$35) -> 3 | S52: =IF(N52="X",G$35,G$21-G$35) -> 3 | T52: =PRODUCT(O52:S52) -> 39852 | U52: =T52/$G$22 -> 0.00027816978 | V52: =V51 -> 5 | W52: =V52*U52 -> 0.0013908489
B53: =B10 & " x4" -> SYM2 x4 | C53: =(C26*D26*E26-$C$8*$D$8*$E$8)*F26*($G$21-G26) -> 26344 | D53: ='Game Info'!$C$3*C53/$G$22 -> 0.0036776597 | E53: ='Game Info'!Z15 -> 100 | F53: =D53*E53/'Game Info'!$C$2 -> 0.036776597 | I53: FG x3 | J53: -- | K53: X | L53: -- | M53: X | N53: X | O53: =IF(J53="X",C$35,C$21-C$35) -> 45 | P53: =IF(K53="X",D$35,D$21-D$35) -> 6 | Q53: =IF(L53="X",E$35,E$21-E$35) -> 41 | R53: =IF(M53="X",F$35,F$21-F$35) -> 3 | S53: =IF(N53="X",G$35,G$21-G$35) -> 3 | T53: =PRODUCT(O53:S53) -> 99630 | U53: =T53/$G$22 -> 0.00069542445 | V53: =V52 -> 5 | W53: =V53*U53 -> 0.0034771222
B54: =B11 & " x4" -> SYM3 x4 | C54: =(C27*D27*E27-$C$8*$D$8*$E$8)*F27*($G$21-G27) -> 28880 | D54: ='Game Info'!$C$3*C54/$G$22 -> 0.0040316889 | E54: ='Game Info'!Z16 -> 100 | F54: =D54*E54/'Game Info'!$C$2 -> 0.040316889 | I54: FG x3 | J54: -- | K54: -- | L54: X | M54: X | N54: X | O54: =IF(J54="X",C$35,C$21-C$35) -> 45 | P54: =IF(K54="X",D$35,D$21-D$35) -> 36 | Q54: =IF(L54="X",E$35,E$21-E$35) -> 6 | R54: =IF(M54="X",F$35,F$21-F$35) -> 3 | S54: =IF(N54="X",G$35,G$21-G$35) -> 3 | T54: =PRODUCT(O54:S54) -> 87480 | U54: =T54/$G$22 -> 0.00061061659 | V54: =V53 -> 5 | W54: =V54*U54 -> 0.0030530829
B55: =B12 & " x4" -> SYM4 x4 | C55: =(C28*D28*E28-$C$8*$D$8*$E$8)*F28*($G$21-G28) -> 8510 | D55: ='Game Info'!$C$3*C55/$G$22 -> 0.001188008 | E55: ='Game Info'!Z17 -> 75 | F55: =D55*E55/'Game Info'!$C$2 -> 0.0089100603
B56: =B13 & " x4" -> SYM5 x4 | C56: =(C29*D29*E29-$C$8*$D$8*$E$8)*F29*($G$21-G29) -> 10920 | D56: ='Game Info'!$C$3*C56/$G$22 -> 0.0015244474 | E56: ='Game Info'!Z18 -> 50 | F56: =D56*E56/'Game Info'!$C$2 -> 0.0076222372
B57: =B14 & " x4" -> A x4 | C57: =(C30*D30*E30-$C$8*$D$8*$E$8)*F30*($G$21-G30) -> 54210 | D57: ='Game Info'!$C$3*C57/$G$22 -> 0.0075677927 | E57: ='Game Info'!Z19 -> 50 | F57: =D57*E57/'Game Info'!$C$2 -> 0.037838963
B58: =B15 & " x4" -> K x4 | C58: =(C31*D31*E31-$C$8*$D$8*$E$8)*F31*($G$21-G31) -> 7350 | D58: ='Game Info'!$C$3*C58/$G$22 -> 0.0010260704 | E58: ='Game Info'!Z20 -> 50 | F58: =D58*E58/'Game Info'!$C$2 -> 0.005130352
B59: =B16 & " x4" -> Q x4 | C59: =(C32*D32*E32-$C$8*$D$8*$E$8)*F32*($G$21-G32) -> 29952 | D59: ='Game Info'!$C$3*C59/$G$22 -> 0.0041813416 | E59: ='Game Info'!Z21 -> 50 | F59: =D59*E59/'Game Info'!$C$2 -> 0.020906708
B60: =B17 & " x4" -> J x4 | C60: =(C33*D33*E33-$C$8*$D$8*$E$8)*F33*($G$21-G33) -> 33180 | D60: ='Game Info'!$C$3*C60/$G$22 -> 0.0046319749 | E60: ='Game Info'!Z22 -> 25 | F60: =D60*E60/'Game Info'!$C$2 -> 0.011579937
B61: =B18 & " x4" -> 10 x4 | C61: =(C34*D34*E34-$C$8*$D$8*$E$8)*F34*($G$21-G34) -> 52820 | D61: ='Game Info'!$C$3*C61/$G$22 -> 0.0073737467 | E61: ='Game Info'!Z23 -> 25 | F61: =D61*E61/'Game Info'!$C$2 -> 0.018434367
B62: =B19 & " x4" -> 9 x4 | C62: =(C35*D35*E35-$C$8*$D$8*$E$8)*F35*($G$21-G35) -> 12402 | D62: ='Game Info'!$C$3*C62/$G$22 -> 0.0017313367 | E62: ='Game Info'!Z24 -> 25 | F62: =D62*E62/'Game Info'!$C$2 -> 0.0043283419
B63: =B8 & " x3" -> WILD x3 | C63: =C8*D8*E8*((F21-F8)*G21-SUMPRODUCT(F9:F14,G25:G30)) -> 2810 | D63: ='Game Info'!$C$3*C63/$G$22 -> 0.00039227997 | E63: ='Game Info'!Y13 -> 100 | F63: =D63*E63/'Game Info'!$C$2 -> 0.0039227997
B64: =B9 & " x3" -> SYM1 x3 | C64: =(C25*D25*E25-$C$8*$D$8*$E$8)*($F$21-F25)*$G$21 -> 48552 | D64: ='Game Info'!$C$3*C64/$G$22 -> 0.0067779279 | E64: ='Game Info'!Y14 -> 25 | F64: =D64*E64/'Game Info'!$C$2 -> 0.01694482
B65: =B10 & " x3" -> SYM2 x3 | C65: =(C26*D26*E26-$C$8*$D$8*$E$8)*($F$21-F26)*$G$21 -> 239232 | D65: ='Game Info'!$C$3*C65/$G$22 -> 0.033397126 | E65: ='Game Info'!Y15 -> 25 | F65: =D65*E65/'Game Info'!$C$2 -> 0.083492814
B66: =B11 & " x3" -> SYM3 x3 | C66: =(C27*D27*E27-$C$8*$D$8*$E$8)*($F$21-F27)*$G$21 -> 255360 | D66: ='Game Info'!$C$3*C66/$G$22 -> 0.035648617 | E66: ='Game Info'!Y16 -> 25 | F66: =D66*E66/'Game Info'!$C$2 -> 0.089121543
B67: =B12 & " x3" -> SYM4 x3 | C67: =(C28*D28*E28-$C$8*$D$8*$E$8)*($F$21-F28)*$G$21 -> 59892 | D67: ='Game Info'!$C$3*C67/$G$22 -> 0.0083610079 | E67: ='Game Info'!Y17 -> 10 | F67: =D67*E67/'Game Info'!$C$2 -> 0.0083610079
B68: =B13 & " x3" -> SYM5 x3 | C68: =(C29*D29*E29-$C$8*$D$8*$E$8)*($F$21-F29)*$G$21 -> 94080 | D68: ='Game Info'!$C$3*C68/$G$22 -> 0.013133701 | E68: ='Game Info'!Y18 -> 10 | F68: =D68*E68/'Game Info'!$C$2 -> 0.013133701
B69: =B14 & " x3" -> A x3 | C69: =(C30*D30*E30-$C$8*$D$8*$E$8)*($F$21-F30)*$G$21 -> 361956 | D69: ='Game Info'!$C$3*C69/$G$22 -> 0.05052957 | E69: ='Game Info'!Y19 -> 10 | F69: =D69*E69/'Game Info'!$C$2 -> 0.05052957
B70: =B15 & " x3" -> K x3 | C70: =(C31*D31*E31-$C$8*$D$8*$E$8)*($F$21-F31)*$G$21 -> 97020 | D70: ='Game Info'!$C$3*C70/$G$22 -> 0.013544129 | E70: ='Game Info'!Y20 -> 5 | F70: =D70*E70/'Game Info'!$C$2 -> 0.0067720646
B71: =B16 & " x3" -> Q x3 | C71: =(C32*D32*E32-$C$8*$D$8*$E$8)*($F$21-F32)*$G$21 -> 279552 | D71: ='Game Info'!$C$3*C71/$G$22 -> 0.039025855 | E71: ='Game Info'!Y21 -> 5 | F71: =D71*E71/'Game Info'!$C$2 -> 0.019512927
B72: =B17 & " x3" -> J x3 | C72: =(C33*D33*E33-$C$8*$D$8*$E$8)*($F$21-F33)*$G$21 -> 199080 | D72: ='Game Info'!$C$3*C72/$G$22 -> 0.02779185 | E72: ='Game Info'!Y22 -> 5 | F72: =D72*E72/'Game Info'!$C$2 -> 0.013895925
B73: =B18 & " x3" -> 10 x3 | C73: =(C34*D34*E34-$C$8*$D$8*$E$8)*($F$21-F34)*$G$21 -> 361956 | D73: ='Game Info'!$C$3*C73/$G$22 -> 0.05052957 | E73: ='Game Info'!Y23 -> 5 | F73: =D73*E73/'Game Info'!$C$2 -> 0.025264785
B74: =B19 & " x3" -> 9 x3 | C74: =(C35*D35*E35-$C$8*$D$8*$E$8)*($F$21-F35)*$G$21 -> 146916 | D74: ='Game Info'!$C$3*C74/$G$22 -> 0.020509681 | E74: ='Game Info'!Y24 -> 5 | F74: =D74*E74/'Game Info'!$C$2 -> 0.010254841

Sheet FG
B2: FG Multiplier | C2: 3 | F2: Trigger Prob | G2: Avg Spins | J2: BG Prob | K2: FG Prob | L2: # Spins
B3: Pay per Spin | C3: =C2*SUM(F40:F75,W40:W55) -> 3.1905527 | E3: BG | F3: =SUM(J3:J5) -> 0.0074449993 | G3: =SUMPRODUCT(J3:J5,L3:L5)/SUM(J3:J5) -> 8.1962333 | I3: FG x5 | J3: =BG!U39 -> 6.7846287e-06 | K3: =U40 -> 2.7138515e-05 | L3: ='Game Info'!X7 -> 16
B4: Avg Spins | C4: =G3/(1-F4*G4) -> 9.4947332 | E4: FG | F4: =SUM(K3:K5) -> 0.016540925 | G4: =SUMPRODUCT(K3:K5,L3:L5)/SUM(K3:K5) -> 8.2679792 | I4: FG x4 | J4: =SUM(BG!U40:U44) -> 0.00035166992 | K4: =SUM(U41:U45) -> 0.001053879 | L4: ='Game Info'!X8 -> 12
B5: Total Pay | C5: =C3*C4 -> 30.293447 | I5: FG x3 | J5: =SUM(BG!U45:U54) -> 0.0070865447 | K5: =SUM(U46:U55) -> 0.015459907 | L5: ='Game Info'!X9 -> 8
B7: Symbol Distribution
B8: Symbol | C8: Reel 1 | D8: Reel 2 | E8: Reel 3 | F8: Reel 4 | G8: Reel 5
B9: WILD | C9: =COUNTIF('Game Info'!Q$7:Q$170,$B9) -> 2 | D9: =COUNTIF('Game Info'!R$7:R$170,$B9) -> 3 | E9: =COUNTIF('Game Info'!S$7:S$170,$B9) -> 2 | F9: =COUNTIF('Game Info'!T$7:T$170,$B9) -> 1 | G9: =COUNTIF('Game Info'!U$7:U$170,$B9) -> 1
B10: SYM1 | C10: =COUNTIF('Game Info'!Q$7:Q$170,$B10) -> 2 | D10: =COUNTIF('Game Info'!R$7:R$170,$B10) -> 2 | E10: =COUNTIF('Game Info'!S$7:S$170,$B10) -> 1 | F10: =COUNTIF('Game Info'!T$7:T$170,$B10) -> 1 | G10: =COUNTIF('Game Info'!U$7:U$170,$B10) -> 2
B11: SYM2 | C11: =COUNTIF('Game Info'!Q$7:Q$170,$B11) -> 4 | D11: =COUNTIF('Game Info'!R$7:R$170,$B11) -> 4 | E11: =COUNTIF('Game Info'!S$7:S$170,$B11) -> 4 | F11: =COUNTIF('Game Info'!T$7:T$170,$B11) -> 3 | G11: =COUNTIF('Game Info'!U$7:U$170,$B11) -> 4
B12: SYM3 | C12: =COUNTIF('Game Info'!Q$7:Q$170,$B12) -> 3 | D12: =COUNTIF('Game Info'!R$7:R$170,$B12) -> 2 | E12: =COUNTIF('Game Info'!S$7:S$170,$B12) -> 7 | F12: =COUNTIF('Game Info'!T$7:T$170,$B12) -> 3 | G12: =COUNTIF('Game Info'!U$7:U$170,$B12) -> 2
B13: SYM4 | C13: =COUNTIF('Game Info'!Q$7:Q$170,$B13) -> 6 | D13: =COUNTIF('Game Info'!R$7:R$170,$B13) -> 2 | E13: =COUNTIF('Game Info'!S$7:S$170,$B13) -> 1 | F13: =COUNTIF('Game Info'!T$7:T$170,$B13) -> 4 | G13: =COUNTIF('Game Info'!U$7:U$170,$B13) -> 4
B14: SYM5 | C14: =COUNTIF('Game Info'!Q$7:Q$170,$B14) -> 2 | D14: =COUNTIF('Game Info'!R$7:R$170,$B14) -> 2 | E14: =COUNTIF('Game Info'!S$7:S$170,$B14) -> 4 | F14: =COUNTIF('Game Info'!T$7:T$170,$B14) -> 1 | G14: =COUNTIF('Game Info'!U$7:U$170,$B14) -> 3
B15: A | C15: =COUNTIF('Game Info'!Q$7:Q$170,$B15) -> 5 | D15: =COUNTIF('Game Info'!R$7:R$170,$B15) -> 3 | E15: =COUNTIF('Game Info'!S$7:S$170,$B15) -> 2 | F15: =COUNTIF('Game Info'!T$7:T$170,$B15) -> 3 | G15: =COUNTIF('Game Info'!U$7:U$170,$B15) -> 2
B16: K | C16: =COUNTIF('Game Info'!Q$7:Q$170,$B16) -> 5 | D16: =COUNTIF('Game Info'!R$7:R$170,$B16) -> 4 | E16: =COUNTIF('Game Info'!S$7:S$170,$B16) -> 7 | F16: =COUNTIF('Game Info'!T$7:T$170,$B16) -> 4 | G16: =COUNTIF('Game Info'!U$7:U$170,$B16) -> 2
B17: Q | C17: =COUNTIF('Game Info'!Q$7:Q$170,$B17) -> 4 | D17: =COUNTIF('Game Info'!R$7:R$170,$B17) -> 1 | E17: =COUNTIF('Game Info'!S$7:S$170,$B17) -> 5 | F17: =COUNTIF('Game Info'!T$7:T$170,$B17) -> 2 | G17: =COUNTIF('Game Info'!U$7:U$170,$B17) -> 6
B18: J | C18: =COUNTIF('Game Info'!Q$7:Q$170,$B18) -> 4 | D18: =COUNTIF('Game Info'!R$7:R$170,$B18) -> 6 | E18: =COUNTIF('Game Info'!S$7:S$170,$B18) -> 5 | F18: =COUNTIF('Game Info'!T$7:T$170,$B18) -> 3 | G18: =COUNTIF('Game Info'!U$7:U$170,$B18) -> 5
B19: 10 | C19: =COUNTIF('Game Info'!Q$7:Q$170,$B19) -> 5 | D19: =COUNTIF('Game Info'!R$7:R$170,$B19) -> 4 | E19: =COUNTIF('Game Info'!S$7:S$170,$B19) -> 3 | F19: =COUNTIF('Game Info'!T$7:T$170,$B19) -> 5 | G19: =COUNTIF('Game Info'!U$7:U$170,$B19) -> 6
B20: 9 | C20: =COUNTIF('Game Info'!Q$7:Q$170,$B20) -> 5 | D20: =COUNTIF('Game Info'!R$7:R$170,$B20) -> 7 | E20: =COUNTIF('Game Info'!S$7:S$170,$B20) -> 4 | F20: =COUNTIF('Game Info'!T$7:T$170,$B20) -> 4 | G20: =COUNTIF('Game Info'!U$7:U$170,$B20) -> 3
B21: FG | C21: =COUNTIF('Game Info'!Q$7:Q$170,$B21) -> 1 | D21: =COUNTIF('Game Info'!R$7:R$170,$B21) -> 2 | E21: =COUNTIF('Game Info'!S$7:S$170,$B21) -> 2 | F21: =COUNTIF('Game Info'!T$7:T$170,$B21) -> 2 | G21: =COUNTIF('Game Info'!U$7:U$170,$B21) -> 2
B22: Total | C22: =SUM(C9:C21) -> 48 | D22: =SUM(D9:D21) -> 42 | E22: =SUM(E9:E21) -> 47 | F22: =SUM(F9:F21) -> 36 | G22: =SUM(G9:G21) -> 42
F23: Cycle | G23: =PRODUCT(C22:G22) -> 143265024
B25: Derived Symbols
B26: =B10 & " + WILD" -> SYM1 + WILD | C26: =C$9+C10 -> 4 | D26: =D$9+D10 -> 5 | E26: =E$9+E10 -> 3 | F26: =F$9+F10 -> 2 | G26: =G$9+G10 -> 3
B27: =B11 & " + WILD" -> SYM2 + WILD | C27: =C$9+C11 -> 6 | D27: =D$9+D11 -> 7 | E27: =E$9+E11 -> 6 | F27: =F$9+F11 -> 4 | G27: =G$9+G11 -> 5
B28: =B12 & " + WILD" -> SYM3 + WILD | C28: =C$9+C12 -> 5 | D28: =D$9+D12 -> 5 | E28: =E$9+E12 -> 9 | F28: =F$9+F12 -> 4 | G28: =G$9+G12 -> 3
B29: =B13 & " + WILD" -> SYM4 + WILD | C29: =C$9+C13 -> 8 | D29: =D$9+D13 -> 5 | E29: =E$9+E13 -> 3 | F29: =F$9+F13 -> 5 | G29: =G$9+G13 -> 5
B30: =B14 & " + WILD" -> SYM5 + WILD | C30: =C$9+C15 -> 7 | D30: =D$9+D15 -> 6 | E30: =E$9+E15 -> 4 | F30: =F$9+F15 -> 4 | G30: =G$9+G15 -> 3
B31: =B15 & " + WILD" -> A + WILD | C31: =C$9+C16 -> 7 | D31: =D$9+D16 -> 7 | E31: =E$9+E16 -> 9 | F31: =F$9+F16 -> 5 | G31: =G$9+G16 -> 3
B32: =B16 & " + WILD" -> K + WILD | C32: =C$9+C17 -> 6 | D32: =D$9+D17 -> 4 | E32: =E$9+E17 -> 7 | F32: =F$9+F17 -> 3 | G32: =G$9+G17 -> 7
B33: =B17 & " + WILD" -> Q + WILD | C33: =C$9+C18 -> 6 | D33: =D$9+D18 -> 9 | E33: =E$9+E18 -> 7 | F33: =F$9+F18 -> 4 | G33: =G$9+G18 -> 6
B34: =B18 & " + WILD" -> J + WILD | C34: =C$9+C19 -> 7 | D34: =D$9+D19 -> 7 | E34: =E$9+E19 -> 5 | F34: =F$9+F19 -> 6 | G34: =G$9+G19 -> 7
B35: =B19 & " + WILD" -> 10 + WILD | C35: =C$9+C20 -> 7 | D35: =D$9+D20 -> 10 | E35: =E$9+E20 -> 6 | F35: =F$9+F20 -> 5 | G35: =G$9+G20 -> 4
B36: FG (on screen) | C36: =3*C21 -> 3 | D36: =3*D21 -> 6 | E36: =3*E21 -> 6 | F36: =3*F21 -> 6 | G36: =3*G21 -> 6
B38: Line Hits | I38: Scatter Hits
B39: Combination | C39: Hits | D39: Prob | E39: Pay | F39: Contribution | I39: Combination | J39: Reel 1 | K39: Reel 2 | L39: Reel 3 | M39: Reel 4 | N39: Reel 5 | O39: Reel 1 | P39: Reel 2 | Q39: Reel 3 | R39: Reel 4 | S39: Reel 5 | T39: Hits | U39: Prob | V39: Pay | W39: Contribution
B40: =B9 & " x5" -> WILD x5 | C40: =C9*D9*E9*F9*G9 -> 12 | D40: ='Game Info'!$C$3*C40/$G$23 -> 1.675217e-06 | E40: ='Game Info'!AA13 -> 2500 | F40: =D40*E40/'Game Info'!$C$2 -> 0.00041880424 | I40: FG x5 | J40: X | K40: X | L40: X | M40: X | N40: X | O40: =IF(J40="X",C$36,C$22-C$36) -> 3 | P40: =IF(K40="X",D$36,D$22-D$36) -> 6 | Q40: =IF(L40="X",E$36,E$22-E$36) -> 6 | R40: =IF(M40="X",F$36,F$22-F$36) -> 6 | S40: =IF(N40="X",G$36,G$22-G$36) -> 6 | T40: =PRODUCT(O40:S40) -> 3888 | U40: =T40/$G$23 -> 2.7138515e-05 | V40: ='Game Info'!AA25 -> 100 | W40: =V40*U40 -> 0.0027138515
B41: =B10 & " x5" -> SYM1 x5 | C41: =C26*D26*E26*F26*G26-$C$9*$D$9*$E$9*$F$9*$G$9 -> 348 | D41: ='Game Info'!$C$3*C41/$G$23 -> 4.8581292e-05 | E41: ='Game Info'!AA14 -> 750 | F41: =D41*E41/'Game Info'!$C$2 -> 0.0036435969 | I41: FG x4 | J41: X | K41: X | L41: X | M41: X | N41: -- | O41: =IF(J41="X",C$36,C$22-C$36) -> 3 | P41: =IF(K41="X",D$36,D$22-D$36) -> 6 | Q41: =IF(L41="X",E$36,E$22-E$36) -> 6 | R41: =IF(M41="X",F$36,F$22-F$36) -> 6 | S41: =IF(N41="X",G$36,G$22-G$36) -> 36 | T41: =PRODUCT(O41:S41) -> 23328 | U41: =T41/$G$23 -> 0.00016283109 | V41: ='Game Info'!Z25 -> 20 | W41: =V41*U41 -> 0.0032566218
B42: =B11 & " x5" -> SYM2 x5 | C42: =C27*D27*E27*F27*G27-$C$9*$D$9*$E$9*$F$9*$G$9 -> 5028 | D42: ='Game Info'!$C$3*C42/$G$23 -> 0.00070191591 | E42: ='Game Info'!AA15 -> 750 | F42: =D42*E42/'Game Info'!$C$2 -> 0.052643693 | I42: FG x4 | J42: X | K42: X | L42: X | M42: -- | N42: X | O42: =IF(J42="X",C$36,C$22-C$36) -> 3 | P42: =IF(K42="X",D$36,D$22-D$36) -> 6 | Q42: =IF(L42="X",E$36,E$22-E$36) -> 6 | R42: =IF(M42="X",F$36,F$22-F$36) -> 30 | S42: =IF(N42="X",G$36,G$22-G$36) -> 6 | T42: =PRODUCT(O42:S42) -> 19440 | U42: =T42/$G$23 -> 0.00013569257 | V42: =V41 -> 20 | W42: =V42*U42 -> 0.0027138515
B43: =B12 & " x5" -> SYM3 x5 | C43: =C28*D28*E28*F28*G28-$C$9*$D$9*$E$9*$F$9*$G$9 -> 2688 | D43: ='Game Info'!$C$3*C43/$G$23 -> 0.0003752486 | E43: ='Game Info'!AA16 -> 750 | F43: =D43*E43/'Game Info'!$C$2 -> 0.028143645 | I43: FG x4 | J43: X | K43: X | L43: -- | M43: X | N43: X | O43: =IF(J43="X",C$36,C$22-C$36) -> 3 | P43: =IF(K43="X",D$36,D$22-D$36) -> 6 | Q43: =IF(L43="X",E$36,E$22-E$36) -> 41 | R43: =IF(M43="X",F$36,F$22-F$36) -> 6 | S43: =IF(N43="X",G$36,G$22-G$36) -> 6 | T43: =PRODUCT(O43:S43) -> 26568 | U43: =T43/$G$23 -> 0.00018544652 | V43: =V42 -> 20 | W43: =V43*U43 -> 0.0037089304
B44: =B13 & " x5" -> SYM4 x5 | C44: =(C29*D29*E29*F29-$C$9*$D$9*$E$9*$F$9)*G29 -> 2940 | D44: ='Game Info'!$C$3*C44/$G$23 -> 0.00041042816 | E44: ='Game Info'!AA17 -> 250 | F44: =D44*E44/'Game Info'!$C$2 -> 0.010260704 | I44: FG x4 | J44: X | K44: -- | L44: X | M44: X | N44: X | O44: =IF(J44="X",C$36,C$22-C$36) -> 3 | P44: =IF(K44="X",D$36,D$22-D$36) -> 36 | Q44: =IF(L44="X",E$36,E$22-E$36) -> 6 | R44: =IF(M44="X",F$36,F$22-F$36) -> 6 | S44: =IF(N44="X",G$36,G$22-G$36) -> 6 | T44: =PRODUCT(O44:S44) -> 23328 | U44: =T44/$G$23 -> 0.00016283109 | V44: =V43 -> 20 | W44: =V44*U44 -> 0.0032566218
B45: =B14 & " x5" -> SYM5 x5 | C45: =(C30*D30*E30*F30-$C$9*$D$9*$E$9*$F$9)*G30 -> 1980 | D45: ='Game Info'!$C$3*C45/$G$23 -> 0.0002764108 | E45: ='Game Info'!AA18 -> 250 | F45: =D45*E45/'Game Info'!$C$2 -> 0.00691027 | I45: FG x4 | J45: -- | K45: X | L45: X | M45: X | N45: X | O45: =IF(J45="X",C$36,C$22-C$36) -> 45 | P45: =IF(K45="X",D$36,D$22-D$36) -> 6 | Q45: =IF(L45="X",E$36,E$22-E$36) -> 6 | R45: =IF(M45="X",F$36,F$22-F$36) -> 6 | S45: =IF(N45="X",G$36,G$22-G$36) -> 6 | T45: =PRODUCT(O45:S45) -> 58320 | U45: =T45/$G$23 -> 0.00040707772 | V45: =V44 -> 20 | W45: =V45*U45 -> 0.0081415545
B46: =B15 & " x5" -> A x5 | C46: =(C31*D31*E31*F31-$C$9*$D$9*$E$9*$F$9)*G31 -> 6579 | D46: ='Game Info'!$C$3*C46/$G$23 -> 0.00091843771 | E46: ='Game Info'!AA19 -> 125 | F46: =D46*E46/'Game Info'!$C$2 -> 0.011480471 | I46: FG x3 | J46: X | K46: X | L46: X | M46: -- | N46: -- | O46: =IF(J46="X",C$36,C$22-C$36) -> 3 | P46: =IF(K46="X",D$36,D$22-D$36) -> 6 | Q46: =IF(L46="X",E$36,E$22-E$36) -> 6 | R46: =IF(M46="X",F$36,F$22-F$36) -> 30 | S46: =IF(N46="X",G$36,G$22-G$36) -> 36 | T46: =PRODUCT(O46:S46) -> 116640 | U46: =T46/$G$23 -> 0.00081415545 | V46: ='Game Info'!Y25 -> 5 | W46: =V46*U46 -> 0.0040707772
B47: =B16 & " x5" -> K x5 | C47: =(C32*D32*E32-$C$9*$D$9*$E$9)*F32*G32 -> 3276 | D47: ='Game Info'!$C$3*C47/$G$23 -> 0.00045733423 | E47: ='Game Info'!AA20 -> 100 | F47: =D47*E47/'Game Info'!$C$2 -> 0.0045733423 | I47: FG x3 | J47: X | K47: X | L47: -- | M47: X | N47: -- | O47: =IF(J47="X",C$36,C$22-C$36) -> 3 | P47: =IF(K47="X",D$36,D$22-D$36) -> 6 | Q47: =IF(L47="X",E$36,E$22-E$36) -> 41 | R47: =IF(M47="X",F$36,F$22-F$36) -> 6 | S47: =IF(N47="X",G$36,G$22-G$36) -> 36 | T47: =PRODUCT(O47:S47) -> 159408 | U47: =T47/$G$23 -> 0.0011126791 | V47: =V46 -> 5 | W47: =V47*U47 -> 0.0055633956
B48: =B17 & " x5" -> Q x5 | C48: =(C33*D33*E33-$C$9*$D$9*$E$9)*F33*G33 -> 8784 | D48: ='Game Info'!$C$3*C48/$G$23 -> 0.0012262588 | E48: ='Game Info'!AA21 -> 100 | F48: =D48*E48/'Game Info'!$C$2 -> 0.012262588 | I48: FG x3 | J48: X | K48: -- | L48: X | M48: X | N48: -- | O48: =IF(J48="X",C$36,C$22-C$36) -> 3 | P48: =IF(K48="X",D$36,D$22-D$36) -> 36 | Q48: =IF(L48="X",E$36,E$22-E$36) -> 6 | R48: =IF(M48="X",F$36,F$22-F$36) -> 6 | S48: =IF(N48="X",G$36,G$22-G$36) -> 36 | T48: =PRODUCT(O48:S48) -> 139968 | U48: =T48/$G$23 -> 0.00097698654 | V48: =V47 -> 5 | W48: =V48*U48 -> 0.0048849327
B49: =B18 & " x5" -> J x5 | C49: =(C34*D34*E34-$C$9*$D$9*$E$9)*F34*G34 -> 9786 | D49: ='Game Info'!$C$3*C49/$G$23 -> 0.0013661394 | E49: ='Game Info'!AA22 -> 100 | F49: =D49*E49/'Game Info'!$C$2 -> 0.013661394 | I49: FG x3 | J49: -- | K49: X | L49: X | M49: X | N49: -- | O49: =IF(J49="X",C$36,C$22-C$36) -> 45 | P49: =IF(K49="X",D$36,D$22-D$36) -> 6 | Q49: =IF(L49="X",E$36,E$22-E$36) -> 6 | R49: =IF(M49="X",F$36,F$22-F$36) -> 6 | S49: =IF(N49="X",G$36,G$22-G$36) -> 36 | T49: =PRODUCT(O49:S49) -> 349920 | U49: =T49/$G$23 -> 0.0024424663 | V49: =V48 -> 5 | W49: =V49*U49 -> 0.012212332
B50: =B19 & " x5" -> 10 x5 | C50: =(C35*D35*E35-$C$9*$D$9*$E$9)*F35*G35 -> 8160 | D50: ='Game Info'!$C$3*C50/$G$23 -> 0.0011391475 | E50: ='Game Info'!AA23 -> 100 | F50: =D50*E50/'Game Info'!$C$2 -> 0.011391475 | I50: FG x3 | J50: X | K50: X | L50: -- | M50: -- | N50: X | O50: =IF(J50="X",C$36,C$22-C$36) -> 3 | P50: =IF(K50="X",D$36,D$22-D$36) -> 6 | Q50: =IF(L50="X",E$36,E$22-E$36) -> 41 | R50: =IF(M50="X",F$36,F$22-F$36) -> 30 | S50: =IF(N50="X",G$36,G$22-G$36) -> 6 | T50: =PRODUCT(O50:S50) -> 132840 | U50: =T50/$G$23 -> 0.0009272326 | V50: =V49 -> 5 | W50: =V50*U50 -> 0.004636163
B51: =B20 & " x5" -> 9 x5 | C51: =(C36*D36*E36-$C$9*$D$9*$E$9)*F36*G36 -> 3456 | D51: ='Game Info'!$C$3*C51/$G$23 -> 0.00048246249 | E51: ='Game Info'!AA24 -> 100 | F51: =D51*E51/'Game Info'!$C$2 -> 0.0048246249 | I51: FG x3 | J51: X | K51: -- | L51: X | M51: -- | N51: X | O51: =IF(J51="X",C$36,C$22-C$36) -> 3 | P51: =IF(K51="X",D$36,D$22-D$36) -> 36 | Q51: =IF(L51="X",E$36,E$22-E$36) -> 6 | R51: =IF(M51="X",F$36,F$22-F$36) -> 30 | S51: =IF(N51="X",G$36,G$22-G$36) -> 6 | T51: =PRODUCT(O51:S51) -> 116640 | U51: =T51/$G$23 -> 0.00081415545 | V51: =V50 -> 5 | W51: =V51*U51 -> 0.0040707772
B52: =B9 & " x4" -> WILD x4 | C52: =C9*D9*E9*F9*(G22-G9-G10-G11-G12) -> 396 | D52: ='Game Info'!$C$3*C52/$G$23 -> 5.528216e-05 | E52: ='Game Info'!Z13 -> 500 | F52: =D52*E52/'Game Info'!$C$2 -> 0.002764108 | I52: FG x3 | J52: -- | K52: X | L52: X | M52: -- | N52: X | O52: =IF(J52="X",C$36,C$22-C$36) -> 45 | P52: =IF(K52="X",D$36,D$22-D$36) -> 6 | Q52: =IF(L52="X",E$36,E$22-E$36) -> 6 | R52: =IF(M52="X",F$36,F$22-F$36) -> 30 | S52: =IF(N52="X",G$36,G$22-G$36) -> 6 | T52: =PRODUCT(O52:S52) -> 291600 | U52: =T52/$G$23 -> 0.0020353886 | V52: =V51 -> 5 | W52: =V52*U52 -> 0.010176943
B53: =B10 & " x4" -> SYM1 x4 | C53: =(C26*D26*E26-$C$9*$D$9*$E$9)*F26*($G$22-G26) -> 3744 | D53: ='Game Info'!$C$3*C53/$G$23 -> 0.0005226677 | E53: ='Game Info'!Z14 -> 100 | F53: =D53*E53/'Game Info'!$C$2 -> 0.005226677 | I53: FG x3 | J53: X | K53: -- | L53: -- | M53: X | N53: X | O53: =IF(J53="X",C$36,C$22-C$36) -> 3 | P53: =IF(K53="X",D$36,D$22-D$36) -> 36 | Q53: =IF(L53="X",E$36,E$22-E$36) -> 41 | R53: =IF(M53="X",F$36,F$22-F$36) -> 6 | S53: =IF(N53="X",G$36,G$22-G$36) -> 6 | T53: =PRODUCT(O53:S53) -> 159408 | U53: =T53/$G$23 -> 0.0011126791 | V53: =V52 -> 5 | W53: =V53*U53 -> 0.0055633956
B54: =B11 & " x4" -> SYM2 x4 | C54: =(C27*D27*E27-$C$9*$D$9*$E$9)*F27*($G$22-G27) -> 35520 | D54: ='Game Info'!$C$3*C54/$G$23 -> 0.0049586422 | E54: ='Game Info'!Z15 -> 100 | F54: =D54*E54/'Game Info'!$C$2 -> 0.049586422 | I54: FG x3 | J54: -- | K54: X | L54: -- | M54: X | N54: X | O54: =IF(J54="X",C$36,C$22-C$36) -> 45 | P54: =IF(K54="X",D$36,D$22-D$36) -> 6 | Q54: =IF(L54="X",E$36,E$22-E$36) -> 41 | R54: =IF(M54="X",F$36,F$22-F$36) -> 6 | S54: =IF(N54="X",G$36,G$22-G$36) -> 6 | T54: =PRODUCT(O54:S54) -> 398520 | U54: =T54/$G$23 -> 0.0027816978 | V54: =V53 -> 5 | W54: =V54*U54 -> 0.013908489
B55: =B12 & " x4" -> SYM3 x4 | C55: =(C28*D28*E28-$C$9*$D$9*$E$9)*F28*($G$22-G28) -> 33228 | D55: ='Game Info'!$C$3*C55/$G$23 -> 0.0046386758 | E55: ='Game Info'!Z16 -> 100 | F55: =D55*E55/'Game Info'!$C$2 -> 0.046386758 | I55: FG x3 | J55: -- | K55: -- | L55: X | M55: X | N55: X | O55: =IF(J55="X",C$36,C$22-C$36) -> 45 | P55: =IF(K55="X",D$36,D$22-D$36) -> 36 | Q55: =IF(L55="X",E$36,E$22-E$36) -> 6 | R55: =IF(M55="X",F$36,F$22-F$36) -> 6 | S55: =IF(N55="X",G$36,G$22-G$36) -> 6 | T55: =PRODUCT(O55:S55) -> 349920 | U55: =T55/$G$23 -> 0.0024424663 | V55: =V54 -> 5 | W55: =V55*U55 -> 0.012212332
B56: =B13 & " x4" -> SYM4 x4 | C56: =(C29*D29*E29-$C$9*$D$9*$E$9)*F29*($G$22-G29) -> 19980 | D56: ='Game Info'!$C$3*C56/$G$23 -> 0.0027892363 | E56: ='Game Info'!Z17 -> 75 | F56: =D56*E56/'Game Info'!$C$2 -> 0.020919272
B57: =B14 & " x4" -> SYM5 x4 | C57: =(C30*D30*E30-$C$9*$D$9*$E$9)*F30*($G$22-G30) -> 24336 | D57: ='Game Info'!$C$3*C57/$G$23 -> 0.00339734 | E57: ='Game Info'!Z18 -> 50 | F57: =D57*E57/'Game Info'!$C$2 -> 0.0169867
B58: =B15 & " x4" -> A x4 | C58: =(C31*D31*E31-$C$9*$D$9*$E$9)*F31*($G$22-G31) -> 83655 | D58: ='Game Info'!$C$3*C58/$G$23 -> 0.011678356 | E58: ='Game Info'!Z19 -> 50 | F58: =D58*E58/'Game Info'!$C$2 -> 0.058391782
B59: =B16 & " x4" -> K x4 | C59: =(C32*D32*E32-$C$9*$D$9*$E$9)*F32*($G$22-G32) -> 16380 | D59: ='Game Info'!$C$3*C59/$G$23 -> 0.0022866712 | E59: ='Game Info'!Z20 -> 50 | F59: =D59*E59/'Game Info'!$C$2 -> 0.011433356
B60: =B17 & " x4" -> Q x4 | C60: =(C33*D33*E33-$C$9*$D$9*$E$9)*F33*($G$22-G33) -> 52704 | D60: ='Game Info'!$C$3*C60/$G$23 -> 0.007357553 | E60: ='Game Info'!Z21 -> 50 | F60: =D60*E60/'Game Info'!$C$2 -> 0.036787765
B61: =B18 & " x4" -> J x4 | C61: =(C34*D34*E34-$C$9*$D$9*$E$9)*F34*($G$22-G34) -> 48930 | D61: ='Game Info'!$C$3*C61/$G$23 -> 0.0068306972 | E61: ='Game Info'!Z22 -> 25 | F61: =D61*E61/'Game Info'!$C$2 -> 0.017076743
B62: =B19 & " x4" -> 10 x4 | C62: =(C35*D35*E35-$C$9*$D$9*$E$9)*F35*($G$22-G35) -> 77520 | D62: ='Game Info'!$C$3*C62/$G$23 -> 0.010821902 | E62: ='Game Info'!Z23 -> 25 | F62: =D62*E62/'Game Info'!$C$2 -> 0.027054754
B63: =B20 & " x4" -> 9 x4 | C63: =(C36*D36*E36-$C$9*$D$9*$E$9)*F36*($G$22-G36) -> 20736 | D63: ='Game Info'!$C$3*C63/$G$23 -> 0.0028947749 | E63: ='Game Info'!Z24 -> 25 | F63: =D63*E63/'Game Info'!$C$2 -> 0.0072369373
B64: =B9 & " x3" -> WILD x3 | C64: =C9*D9*E9*((F22-F9)*G22-SUMPRODUCT(F10:F15,G26:G31)) -> 16932 | D64: ='Game Info'!$C$3*C64/$G$23 -> 0.0023637312 | E64: ='Game Info'!Y13 -> 100 | F64: =D64*E64/'Game Info'!$C$2 -> 0.023637312
B65: =B10 & " x3" -> SYM1 x3 | C65: =(C26*D26*E26-$C$9*$D$9*$E$9)*($F$22-F26)*$G$22 -> 68544 | D65: ='Game Info'!$C$3*C65/$G$23 -> 0.0095688394 | E65: ='Game Info'!Y14 -> 25 | F65: =D65*E65/'Game Info'!$C$2 -> 0.023922098
B66: =B11 & " x3" -> SYM2 x3 | C66: =(C27*D27*E27-$C$9*$D$9*$E$9)*($F$22-F27)*$G$22 -> 322560 | D66: ='Game Info'!$C$3*C66/$G$23 -> 0.045029832 | E66: ='Game Info'!Y15 -> 25 | F66: =D66*E66/'Game Info'!$C$2 -> 0.11257458
B67: =B12 & " x3" -> SYM3 x3 | C67: =(C28*D28*E28-$C$9*$D$9*$E$9)*($F$22-F28)*$G$22 -> 286272 | D67: ='Game Info'!$C$3*C67/$G$23 -> 0.039963976 | E67: ='Game Info'!Y16 -> 25 | F67: =D67*E67/'Game Info'!$C$2 -> 0.09990994
B68: =B13 & " x3" -> SYM4 x3 | C68: =(C29*D29*E29-$C$9*$D$9*$E$9)*($F$22-F29)*$G$22 -> 140616 | D68: ='Game Info'!$C$3*C68/$G$23 -> 0.019630193 | E68: ='Game Info'!Y17 -> 10 | F68: =D68*E68/'Game Info'!$C$2 -> 0.019630193
B69: =B14 & " x3" -> SYM5 x3 | C69: =(C30*D30*E30-$C$9*$D$9*$E$9)*($F$22-F30)*$G$22 -> 209664 | D69: ='Game Info'!$C$3*C69/$G$23 -> 0.029269391 | E69: ='Game Info'!Y18 -> 10 | F69: =D69*E69/'Game Info'!$C$2 -> 0.029269391
B70: =B15 & " x3" -> A x3 | C70: =(C31*D31*E31-$C$9*$D$9*$E$9)*($F$22-F31)*$G$22 -> 558558 | D70: ='Game Info'!$C$3*C70/$G$23 -> 0.077975487 | E70: ='Game Info'!Y19 -> 10 | F70: =D70*E70/'Game Info'!$C$2 -> 0.077975487
B71: =B16 & " x3" -> K x3 | C71: =(C32*D32*E32-$C$9*$D$9*$E$9)*($F$22-F32)*$G$22 -> 216216 | D71: ='Game Info'!$C$3*C71/$G$23 -> 0.030184059 | E71: ='Game Info'!Y20 -> 5 | F71: =D71*E71/'Game Info'!$C$2 -> 0.01509203
B72: =B17 & " x3" -> Q x3 | C72: =(C33*D33*E33-$C$9*$D$9*$E$9)*($F$22-F33)*$G$22 -> 491904 | D72: ='Game Info'!$C$3*C72/$G$23 -> 0.068670494 | E72: ='Game Info'!Y21 -> 5 | F72: =D72*E72/'Game Info'!$C$2 -> 0.034335247
B73: =B18 & " x3" -> J x3 | C73: =(C34*D34*E34-$C$9*$D$9*$E$9)*($F$22-F34)*$G$22 -> 293580 | D73: ='Game Info'!$C$3*C73/$G$23 -> 0.040984183 | E73: ='Game Info'!Y22 -> 5 | F73: =D73*E73/'Game Info'!$C$2 -> 0.020492092
B74: =B19 & " x3" -> 10 x3 | C74: =(C35*D35*E35-$C$9*$D$9*$E$9)*($F$22-F35)*$G$22 -> 531216 | D74: ='Game Info'!$C$3*C74/$G$23 -> 0.074158505 | E74: ='Game Info'!Y23 -> 5 | F74: =D74*E74/'Game Info'!$C$2 -> 0.037079253
B75: =B20 & " x3" -> 9 x3 | C75: =(C36*D36*E36-$C$9*$D$9*$E$9)*($F$22-F36)*$G$22 -> 120960 | D75: ='Game Info'!$C$3*C75/$G$23 -> 0.016886187 | E75: ='Game Info'!Y24 -> 5 | F75: =D75*E75/'Game Info'!$C$2 -> 0.0084430935
